Card Name,Price (USD),Change %,Change Direction,Scraped At
Kai'Sa - Daughter of the Void [Signature] #299,2348.05,0.10,-,2026-04-29 17:48:20
Kai'Sa - Daughter of the Void [Signature] #299,2348.05,0.10,-,2026-04-29 18:14:56
Kai'Sa - Daughter of the Void [Signature] #299,2348.05,0.10,-,2026-05-01 00:15:51
Kai'Sa - Daughter of the Void [Signature] #299,2348.05,0.10,-,2026-05-02 17:03:16
Kai'Sa - Daughter of the Void [Signature] #299,2348.05,0.10,-,2026-05-03 18:01:53
Kai'Sa - Daughter of the Void [Signature] #299,2348.05,0.10,-,2026-05-03 19:33:38
Kai'Sa - Daughter of the Void [Signature] #299,2348.05,0.10,-,2026-05-03 23:51:35
Kai'Sa - Daughter of the Void [Signature] #299,2559.43,0.90,+,2026-06-29 14:53:24
Jinx - Loose Cannon [Signature] #301,965.00,0.00,,2026-04-29 17:48:20
Jinx - Loose Cannon [Signature] #301,965.00,0.00,,2026-04-29 18:14:56
Jinx - Loose Cannon [Signature] #301,965.00,0.00,,2026-05-01 00:15:51
Jinx - Loose Cannon [Signature] #301,965.00,0.00,,2026-05-02 17:03:16
Jinx - Loose Cannon [Signature] #301,965.00,0.00,,2026-05-03 18:01:53
Jinx - Loose Cannon [Signature] #301,965.00,0.00,,2026-05-03 19:33:38
Jinx - Loose Cannon [Signature] #301,965.00,0.00,,2026-05-03 23:51:35
Jinx - Loose Cannon [Signature] #301,857.90,0.20,-,2026-06-29 14:53:24
Booster Display,298.00,5.90,-,2026-04-29 17:48:20
Booster Display,298.00,5.90,-,2026-04-29 18:14:56
Booster Display,298.00,5.90,-,2026-05-01 00:15:51
Booster Display,286.14,4.00,-,2026-05-02 17:03:16
Booster Display,286.14,4.00,-,2026-05-03 18:01:53
Booster Display,286.14,4.00,-,2026-05-03 19:33:38
Booster Display,286.14,4.00,-,2026-05-03 23:51:35
Booster Display,182.44,0.00,,2026-06-29 14:53:24
Ahri - Nine-Tailed Fox [Signature] #303,2278.42,0.00,,2026-04-29 17:48:20
Ahri - Nine-Tailed Fox [Signature] #303,2278.42,0.00,,2026-04-29 18:14:56
Ahri - Nine-Tailed Fox [Signature] #303,2278.42,0.00,,2026-05-01 00:15:51
Ahri - Nine-Tailed Fox [Signature] #303,2277.13,0.10,-,2026-05-02 17:03:16
Ahri - Nine-Tailed Fox [Signature] #303,2277.13,0.10,-,2026-05-03 18:01:53
Ahri - Nine-Tailed Fox [Signature] #303,2277.13,0.10,-,2026-05-03 19:33:38
Ahri - Nine-Tailed Fox [Signature] #303,2277.13,0.10,-,2026-05-03 23:51:35
Ahri - Nine-Tailed Fox [Signature] #303,2528.32,0.00,,2026-06-29 14:53:24
Miss Fortune - Bounty Hunter [Signature] #309,1200.00,0.00,,2026-04-29 17:48:20
Miss Fortune - Bounty Hunter [Signature] #309,1200.00,0.00,,2026-04-29 18:14:56
Miss Fortune - Bounty Hunter [Signature] #309,1200.00,0.00,,2026-05-01 00:15:51
Miss Fortune - Bounty Hunter [Signature] #309,1232.23,2.70,+,2026-05-02 17:03:16
Miss Fortune - Bounty Hunter [Signature] #309,1232.23,2.70,+,2026-05-03 18:01:53
Miss Fortune - Bounty Hunter [Signature] #309,1232.23,2.70,+,2026-05-03 19:33:38
Miss Fortune - Bounty Hunter [Signature] #309,1232.23,2.70,+,2026-05-03 23:51:35
Miss Fortune - Bounty Hunter [Signature] #309,995.00,0.00,,2026-06-29 14:53:24
Lee Sin - Blind Monk [Signature] #304,843.48,4.60,-,2026-04-29 17:48:20
Lee Sin - Blind Monk [Signature] #304,843.48,4.60,-,2026-04-29 18:14:56
Lee Sin - Blind Monk [Signature] #304,843.48,0.00,,2026-05-01 00:15:51
Lee Sin - Blind Monk [Signature] #304,843.48,0.00,,2026-05-02 17:03:16
Lee Sin - Blind Monk [Signature] #304,843.48,0.00,,2026-05-03 18:01:53
Lee Sin - Blind Monk [Signature] #304,843.48,0.00,,2026-05-03 19:33:38
Lee Sin - Blind Monk [Signature] #304,843.48,0.00,,2026-05-03 23:51:35
Lee Sin - Blind Monk [Signature] #304,817.99,0.80,-,2026-06-29 14:53:24
Kai'Sa - Daughter of the Void #299,198.13,5.60,-,2026-04-29 17:48:20
Kai'Sa - Daughter of the Void #299,198.13,5.60,-,2026-04-29 18:14:56
Kai'Sa - Daughter of the Void #299,198.13,5.60,-,2026-05-01 00:15:51
Kai'Sa - Daughter of the Void #299,197.30,0.40,-,2026-05-02 17:03:16
Kai'Sa - Daughter of the Void #299,197.30,0.40,-,2026-05-03 18:01:53
Kai'Sa - Daughter of the Void #299,197.30,0.40,-,2026-05-03 19:33:38
Kai'Sa - Daughter of the Void #299,197.30,0.40,-,2026-05-03 23:51:35
Kai'Sa - Daughter of the Void #299,146.59,2.00,-,2026-06-29 14:53:24
Ahri - Nine-Tailed Fox #303,210.08,1.30,-,2026-04-29 17:48:20
Ahri - Nine-Tailed Fox #303,210.08,1.30,-,2026-04-29 18:14:56
Ahri - Nine-Tailed Fox #303,207.08,1.40,-,2026-05-01 00:15:51
Ahri - Nine-Tailed Fox #303,207.08,1.40,-,2026-05-02 17:03:16
Ahri - Nine-Tailed Fox #303,204.52,1.20,-,2026-05-03 18:01:53
Ahri - Nine-Tailed Fox #303,204.52,1.20,-,2026-05-03 19:33:38
Ahri - Nine-Tailed Fox #303,204.52,1.20,-,2026-05-03 23:51:35
Ahri - Nine-Tailed Fox #303,190.00,9.50,+,2026-06-29 14:53:24
Teemo - Swift Scout [Signature] #307,999.57,0.00,-,2026-04-29 17:48:20
Teemo - Swift Scout [Signature] #307,999.57,0.00,-,2026-04-29 18:14:56
Teemo - Swift Scout [Signature] #307,999.57,0.00,-,2026-05-01 00:15:51
Teemo - Swift Scout [Signature] #307,999.57,0.00,,2026-05-02 17:03:16
Teemo - Swift Scout [Signature] #307,999.57,0.00,,2026-05-03 18:01:53
Teemo - Swift Scout [Signature] #307,999.57,0.00,,2026-05-03 19:33:38
Teemo - Swift Scout [Signature] #307,999.57,0.00,,2026-05-03 23:51:35
Teemo - Swift Scout [Signature] #307,823.55,2.90,-,2026-06-29 14:53:24
Kai'Sa - Survivor #39,74.95,3.90,+,2026-04-29 17:48:20
Kai'Sa - Survivor #39,74.95,3.90,+,2026-04-29 18:14:56
Kai'Sa - Survivor #39,74.95,3.90,+,2026-05-01 00:15:51
Kai'Sa - Survivor #39,75.00,0.10,+,2026-05-02 17:03:16
Kai'Sa - Survivor #39,75.00,0.10,+,2026-05-03 18:01:53
Kai'Sa - Survivor #39,75.00,0.10,+,2026-05-03 19:33:38
Kai'Sa - Survivor #39,75.00,0.10,+,2026-05-03 23:51:35
Kai'Sa - Survivor #39,53.90,12.40,+,2026-06-29 14:53:24
Viktor - Herald of the Arcane [Signature] #308,848.00,0.00,,2026-04-29 17:48:20
Viktor - Herald of the Arcane [Signature] #308,848.00,0.00,,2026-04-29 18:14:56
Viktor - Herald of the Arcane [Signature] #308,848.00,0.00,,2026-05-01 00:15:51
Viktor - Herald of the Arcane [Signature] #308,848.00,0.00,,2026-05-02 17:03:16
Viktor - Herald of the Arcane [Signature] #308,848.00,0.00,,2026-05-03 18:01:53
Viktor - Herald of the Arcane [Signature] #308,848.00,0.00,,2026-05-03 19:33:38
Viktor - Herald of the Arcane [Signature] #308,848.00,0.00,,2026-05-03 23:51:35
Viktor - Herald of the Arcane [Signature] #308,745.07,1.10,+,2026-06-29 14:53:24
Sett - The Boss [Signature] #310,749.49,0.00,,2026-04-29 17:48:20
Sett - The Boss [Signature] #310,749.49,0.00,,2026-04-29 18:14:56
Sett - The Boss [Signature] #310,749.49,0.00,,2026-05-01 00:15:51
Sett - The Boss [Signature] #310,749.49,0.00,,2026-05-02 17:03:16
Sett - The Boss [Signature] #310,749.49,0.00,,2026-05-03 18:01:53
Sett - The Boss [Signature] #310,749.49,0.00,,2026-05-03 19:33:38
Sett - The Boss [Signature] #310,749.49,0.00,,2026-05-03 23:51:35
Sett - The Boss [Signature] #310,528.99,1.70,-,2026-06-29 14:53:24
Volibear - Relentless Storm [Signature] #300,763.44,0.00,,2026-04-29 17:48:20
Volibear - Relentless Storm [Signature] #300,763.44,0.00,,2026-04-29 18:14:56
Volibear - Relentless Storm [Signature] #300,763.44,0.00,,2026-05-01 00:15:51
Volibear - Relentless Storm [Signature] #300,763.44,0.00,,2026-05-02 17:03:16
Volibear - Relentless Storm [Signature] #300,763.44,0.00,,2026-05-03 18:01:53
Volibear - Relentless Storm [Signature] #300,763.44,0.00,,2026-05-03 19:33:38
Volibear - Relentless Storm [Signature] #300,763.44,0.00,,2026-05-03 23:51:35
Volibear - Relentless Storm [Signature] #300,600.75,0.00,,2026-06-29 14:53:24
Leona - Radiant Dawn [Signature] #306,769.98,0.00,,2026-04-29 17:48:20
Leona - Radiant Dawn [Signature] #306,769.98,0.00,,2026-04-29 18:14:56
Leona - Radiant Dawn [Signature] #306,769.98,0.00,,2026-05-01 00:15:51
Leona - Radiant Dawn [Signature] #306,769.98,0.00,,2026-05-02 17:03:16
Leona - Radiant Dawn [Signature] #306,769.98,0.00,,2026-05-03 18:01:53
Leona - Radiant Dawn [Signature] #306,769.98,0.00,,2026-05-03 19:33:38
Leona - Radiant Dawn [Signature] #306,769.98,0.00,,2026-05-03 23:51:35
Leona - Radiant Dawn [Signature] #306,750.00,0.00,,2026-06-29 14:53:24
Teemo - Swift Scout #307,89.14,0.10,-,2026-04-29 17:48:20
Teemo - Swift Scout #307,89.14,0.10,-,2026-04-29 18:14:56
Teemo - Swift Scout #307,89.39,0.30,+,2026-05-01 00:15:51
Teemo - Swift Scout #307,89.39,0.30,+,2026-05-02 17:03:16
Teemo - Swift Scout #307,89.55,0.20,+,2026-05-03 18:01:53
Teemo - Swift Scout #307,89.55,0.20,+,2026-05-03 19:33:38
Teemo - Swift Scout #307,89.55,0.20,+,2026-05-03 23:51:35
Teemo - Swift Scout #307,73.67,0.40,-,2026-06-29 14:53:24
Miss Fortune - Bounty Hunter #309,163.59,2.00,+,2026-04-29 17:48:20
Miss Fortune - Bounty Hunter #309,163.59,2.00,+,2026-04-29 18:14:56
Miss Fortune - Bounty Hunter #309,163.59,2.00,+,2026-05-01 00:15:51
Miss Fortune - Bounty Hunter #309,163.68,0.10,+,2026-05-02 17:03:16
Miss Fortune - Bounty Hunter #309,163.68,0.10,+,2026-05-03 18:01:53
Miss Fortune - Bounty Hunter #309,163.68,0.10,+,2026-05-03 19:33:38
Miss Fortune - Bounty Hunter #309,163.68,0.10,+,2026-05-03 23:51:35
Miss Fortune - Bounty Hunter #309,99.81,0.10,-,2026-06-29 14:53:24
Yasuo - Unforgiven #305,76.37,0.10,+,2026-04-29 17:48:20
Yasuo - Unforgiven #305,76.37,0.10,+,2026-04-29 18:14:56
Yasuo - Unforgiven #305,76.37,0.10,+,2026-05-01 00:15:51
Yasuo - Unforgiven #305,76.37,0.10,+,2026-05-02 17:03:16
Yasuo - Unforgiven #305,76.33,0.10,-,2026-05-03 18:01:53
Yasuo - Unforgiven #305,76.33,0.10,-,2026-05-03 19:33:38
Yasuo - Unforgiven #305,76.33,0.10,-,2026-05-03 23:51:35
Yasuo - Unforgiven #305,45.82,1.80,+,2026-06-29 14:53:24
Yasuo - Unforgiven [Signature] #305,902.23,1.30,+,2026-04-29 17:48:20
Yasuo - Unforgiven [Signature] #305,902.23,1.30,+,2026-04-29 18:14:56
Yasuo - Unforgiven [Signature] #305,902.23,1.30,+,2026-05-01 00:15:51
Yasuo - Unforgiven [Signature] #305,902.23,1.30,+,2026-05-02 17:03:16
Yasuo - Unforgiven [Signature] #305,902.23,1.30,+,2026-05-03 18:01:53
Yasuo - Unforgiven [Signature] #305,902.23,1.30,+,2026-05-03 19:33:38
Yasuo - Unforgiven [Signature] #305,902.23,1.30,+,2026-05-03 23:51:35
Yasuo - Unforgiven [Signature] #305,645.57,0.50,+,2026-06-29 14:53:24
Ahri - Alluring [Launch Promo] #66,142.43,0.40,+,2026-04-29 17:48:20
Ahri - Alluring [Launch Promo] #66,142.43,0.40,+,2026-04-29 18:14:56
Ahri - Alluring [Launch Promo] #66,142.43,0.40,+,2026-05-01 00:15:51
Ahri - Alluring [Launch Promo] #66,142.43,0.40,+,2026-05-02 17:03:16
Ahri - Alluring [Launch Promo] #66,142.43,0.40,+,2026-05-03 18:01:53
Ahri - Alluring [Launch Promo] #66,142.43,0.40,+,2026-05-03 19:33:38
Ahri - Alluring [Launch Promo] #66,142.43,0.40,+,2026-05-03 23:51:35
Ahri - Alluring [Launch Promo] #66,47.52,0.00,,2026-06-29 14:53:24
Kai'Sa - Survivor [Alternate Art] #39a,80.82,3.50,-,2026-04-29 17:48:20
Kai'Sa - Survivor [Alternate Art] #39a,80.82,3.50,-,2026-04-29 18:14:56
Kai'Sa - Survivor [Alternate Art] #39a,80.82,3.50,-,2026-05-01 00:15:51
Kai'Sa - Survivor [Alternate Art] #39a,79.98,1.00,-,2026-05-02 17:03:16
Kai'Sa - Survivor [Alternate Art] #39a,79.98,1.00,-,2026-05-03 18:01:53
Kai'Sa - Survivor [Alternate Art] #39a,79.98,1.00,-,2026-05-03 19:33:38
Kai'Sa - Survivor [Alternate Art] #39a,79.98,1.00,-,2026-05-03 23:51:35
Kai'Sa - Survivor [Alternate Art] #39a,62.60,6.80,+,2026-06-29 14:53:24
Ahri - Alluring #66,1.44,21.70,-,2026-04-29 17:48:20
Ahri - Alluring #66,1.44,21.70,-,2026-04-29 18:14:56
Ahri - Alluring #66,1.44,21.70,-,2026-05-01 00:15:51
Ahri - Alluring #66,1.44,0.00,,2026-05-02 17:03:16
Ahri - Alluring #66,1.44,0.00,,2026-05-03 18:01:53
Ahri - Alluring #66,1.44,0.00,,2026-05-03 19:33:38
Ahri - Alluring #66,1.44,0.00,,2026-05-03 23:51:35
Ahri - Alluring #66,1.15,11.50,-,2026-06-29 14:53:25
Sett - The Boss #310,81.33,1.60,+,2026-04-29 17:48:20
Sett - The Boss #310,81.33,1.60,+,2026-04-29 18:14:56
Sett - The Boss #310,81.33,1.60,+,2026-05-01 00:15:51
Sett - The Boss #310,80.50,1.00,-,2026-05-02 17:03:16
Sett - The Boss #310,80.85,0.40,+,2026-05-03 18:01:53
Sett - The Boss #310,80.85,0.40,+,2026-05-03 19:33:38
Sett - The Boss #310,80.85,0.40,+,2026-05-03 23:51:35
Sett - The Boss #310,66.68,2.40,+,2026-06-29 14:53:24
Jinx - Loose Cannon #301,100.00,3.10,-,2026-04-29 17:48:20
Jinx - Loose Cannon #301,100.00,3.10,-,2026-04-29 18:14:56
Jinx - Loose Cannon #301,100.00,3.10,-,2026-05-01 00:15:51
Jinx - Loose Cannon #301,99.50,0.50,-,2026-05-02 17:03:16
Jinx - Loose Cannon #301,99.50,0.50,-,2026-05-03 18:01:53
Jinx - Loose Cannon #301,99.50,0.50,-,2026-05-03 19:33:38
Jinx - Loose Cannon #301,99.50,0.50,-,2026-05-03 23:51:35
Jinx - Loose Cannon #301,75.00,0.00,,2026-06-29 14:53:24
Ahri - Nine-Tailed Fox #255,1.54,3.80,-,2026-04-29 17:48:20
Ahri - Nine-Tailed Fox #255,1.54,3.80,-,2026-04-29 18:14:56
Ahri - Nine-Tailed Fox #255,1.54,3.80,-,2026-05-01 00:15:51
Ahri - Nine-Tailed Fox #255,1.51,1.90,-,2026-05-02 17:03:16
Ahri - Nine-Tailed Fox #255,1.51,1.90,-,2026-05-03 18:01:53
Ahri - Nine-Tailed Fox #255,1.51,1.90,-,2026-05-03 19:33:38
Ahri - Nine-Tailed Fox #255,1.51,1.90,-,2026-05-03 23:51:35
Ahri - Nine-Tailed Fox #255,1.57,4.70,+,2026-06-29 14:53:24
Darius - Hand of Noxus [Signature] #302,594.42,0.50,-,2026-04-29 17:48:20
Darius - Hand of Noxus [Signature] #302,594.42,0.50,-,2026-04-29 18:14:56
Darius - Hand of Noxus [Signature] #302,594.42,0.50,-,2026-05-01 00:15:51
Darius - Hand of Noxus [Signature] #302,590.56,0.60,-,2026-05-02 17:03:16
Darius - Hand of Noxus [Signature] #302,590.56,0.60,-,2026-05-03 18:01:53
Darius - Hand of Noxus [Signature] #302,590.56,0.60,-,2026-05-03 19:33:38
Darius - Hand of Noxus [Signature] #302,590.56,0.60,-,2026-05-03 23:51:35
Darius - Hand of Noxus [Signature] #302,448.75,5.00,-,2026-06-29 14:53:24
Time Warp #122,67.89,4.10,-,2026-04-29 17:48:20
Time Warp #122,67.89,4.10,-,2026-04-29 18:14:56
Time Warp #122,67.67,0.30,-,2026-05-01 00:15:51
Time Warp #122,67.67,0.30,-,2026-05-02 17:03:16
Time Warp #122,63.67,5.90,-,2026-05-03 18:01:53
Time Warp #122,63.67,5.90,-,2026-05-03 19:33:38
Time Warp #122,63.67,5.90,-,2026-05-03 23:51:35
Time Warp #122,29.24,0.10,-,2026-06-29 14:53:24
Viktor - Herald of the Arcane #308,125.00,0.00,,2026-04-29 17:48:20
Viktor - Herald of the Arcane #308,125.00,0.00,,2026-04-29 18:14:56
Viktor - Herald of the Arcane #308,125.00,0.00,,2026-05-01 00:15:51
Viktor - Herald of the Arcane #308,125.00,0.00,,2026-05-02 17:03:16
Viktor - Herald of the Arcane #308,125.00,0.00,,2026-05-03 18:01:53
Viktor - Herald of the Arcane #308,125.00,0.00,,2026-05-03 19:33:38
Viktor - Herald of the Arcane #308,125.00,0.00,,2026-05-03 23:51:35
Viktor - Herald of the Arcane #308,85.91,0.00,,2026-06-29 14:53:24
Volibear - Relentless Storm #300,75.00,4.50,-,2026-04-29 17:48:20
Volibear - Relentless Storm #300,75.00,4.50,-,2026-04-29 18:14:56
Volibear - Relentless Storm #300,75.00,0.00,,2026-05-01 00:15:51
Volibear - Relentless Storm #300,75.00,0.00,,2026-05-02 17:03:16
Volibear - Relentless Storm #300,72.68,3.10,-,2026-05-03 18:01:53
Volibear - Relentless Storm #300,72.68,3.10,-,2026-05-03 19:33:38
Volibear - Relentless Storm #300,72.68,3.10,-,2026-05-03 23:51:35
Volibear - Relentless Storm #300,47.27,7.50,-,2026-06-29 14:53:24
Deadbloom Predator #161,28.08,9.40,-,2026-04-29 17:48:20
Deadbloom Predator #161,28.08,9.40,-,2026-04-29 18:14:56
Deadbloom Predator #161,28.08,9.40,-,2026-05-01 00:15:51
Deadbloom Predator #161,27.99,0.30,-,2026-05-02 17:03:16
Deadbloom Predator #161,27.99,0.30,-,2026-05-03 18:01:53
Deadbloom Predator #161,27.99,0.30,-,2026-05-03 19:33:38
Deadbloom Predator #161,27.99,0.30,-,2026-05-03 23:51:35
Deadbloom Predator #161,8.44,0.00,,2026-06-29 14:53:25
Leona - Radiant Dawn #306,85.46,0.00,,2026-04-29 17:48:20
Leona - Radiant Dawn #306,85.46,0.00,,2026-04-29 18:14:56
Leona - Radiant Dawn #306,85.46,0.00,,2026-05-01 00:15:51
Leona - Radiant Dawn #306,84.67,0.90,-,2026-05-02 17:03:16
Leona - Radiant Dawn #306,83.19,1.70,-,2026-05-03 18:01:53
Leona - Radiant Dawn #306,83.19,1.70,-,2026-05-03 19:33:38
Leona - Radiant Dawn #306,83.19,1.70,-,2026-05-03 23:51:35
Leona - Radiant Dawn #306,63.49,0.00,,2026-06-29 14:53:24
Kai'Sa - Daughter of the Void #247,0.72,63.60,+,2026-04-29 17:48:20
Kai'Sa - Daughter of the Void #247,0.72,63.60,+,2026-04-29 18:14:56
Kai'Sa - Daughter of the Void #247,0.72,63.60,+,2026-05-01 00:15:51
Kai'Sa - Daughter of the Void #247,0.72,0.00,,2026-05-02 17:03:16
Kai'Sa - Daughter of the Void #247,0.72,0.00,,2026-05-03 18:01:53
Kai'Sa - Daughter of the Void #247,0.72,0.00,,2026-05-03 19:33:38
Kai'Sa - Daughter of the Void #247,0.72,0.00,,2026-05-03 23:51:35
Kai'Sa - Daughter of the Void #247,0.41,2.40,-,2026-06-29 14:53:24
Thousand-Tailed Watcher #116,25.00,3.30,-,2026-04-29 17:48:20
Thousand-Tailed Watcher #116,25.00,3.30,-,2026-04-29 18:14:56
Thousand-Tailed Watcher #116,25.00,3.30,-,2026-05-01 00:15:51
Thousand-Tailed Watcher #116,24.50,2.00,-,2026-05-02 17:03:16
Thousand-Tailed Watcher #116,24.50,2.00,-,2026-05-03 18:01:53
Thousand-Tailed Watcher #116,24.50,2.00,-,2026-05-03 19:33:38
Thousand-Tailed Watcher #116,24.50,2.00,-,2026-05-03 23:51:35
Thousand-Tailed Watcher #116,19.06,5.50,-,2026-06-29 14:53:24
Viktor - Leader [Stamped] #246,25.25,14.40,-,2026-04-29 17:48:20
Viktor - Leader [Stamped] #246,25.25,14.40,-,2026-04-29 18:14:56
Viktor - Leader [Stamped] #246,25.25,14.40,-,2026-05-01 00:15:51
Viktor - Leader [Stamped] #246,25.25,0.00,,2026-05-02 17:03:16
Viktor - Leader [Stamped] #246,25.25,0.00,,2026-05-03 18:01:53
Viktor - Leader [Stamped] #246,25.25,0.00,,2026-05-03 19:33:38
Viktor - Leader [Stamped] #246,25.25,0.00,,2026-05-03 23:51:35
Viktor - Leader [Stamped] #246,27.50,10.90,+,2026-06-29 14:53:25
Teemo - Scout #197,1.00,8.70,+,2026-04-29 17:48:20
Teemo - Scout #197,1.00,8.70,+,2026-04-29 18:14:56
Teemo - Scout #197,1.00,8.70,+,2026-05-01 00:15:51
Teemo - Scout #197,0.80,20.00,-,2026-05-02 17:03:16
Teemo - Scout #197,0.77,3.80,-,2026-05-03 18:01:53
Teemo - Scout #197,0.77,3.80,-,2026-05-03 19:33:38
Teemo - Scout #197,0.77,3.80,-,2026-05-03 23:51:35
Teemo - Scout #197,2.04,2.00,+,2026-06-29 14:53:25
Seal of Discord #204,35.74,5.90,+,2026-04-29 17:48:20
Seal of Discord #204,35.74,5.90,+,2026-04-29 18:14:56
Seal of Discord #204,35.74,5.90,+,2026-05-01 00:15:51
Seal of Discord #204,34.63,3.10,-,2026-05-02 17:03:16
Seal of Discord #204,34.63,3.10,-,2026-05-03 18:01:53
Seal of Discord #204,34.63,3.10,-,2026-05-03 19:33:38
Seal of Discord #204,34.63,3.10,-,2026-05-03 23:51:35
Seal of Discord #204,11.93,4.10,-,2026-06-29 14:53:25
Dazzling Aurora #160,71.56,5.60,-,2026-04-29 17:48:20
Dazzling Aurora #160,71.56,5.60,-,2026-04-29 18:14:56
Dazzling Aurora #160,71.56,5.60,-,2026-05-01 00:15:51
Dazzling Aurora #160,67.47,5.70,-,2026-05-02 17:03:16
Dazzling Aurora #160,67.47,5.70,-,2026-05-03 18:01:53
Dazzling Aurora #160,67.47,5.70,-,2026-05-03 19:33:38
Dazzling Aurora #160,67.47,5.70,-,2026-05-03 23:51:35
Dazzling Aurora #160,37.52,14.10,-,2026-06-29 14:53:24
Sett - Brawler #164,32.42,0.90,-,2026-04-29 17:48:20
Sett - Brawler #164,32.42,0.90,-,2026-04-29 18:14:56
Sett - Brawler #164,32.42,0.90,-,2026-05-01 00:15:51
Sett - Brawler #164,32.31,0.30,-,2026-05-02 17:03:16
Sett - Brawler #164,32.31,0.30,-,2026-05-03 18:01:53
Sett - Brawler #164,32.31,0.30,-,2026-05-03 19:33:38
Sett - Brawler #164,32.31,0.30,-,2026-05-03 23:51:35
Sett - Brawler #164,14.16,3.50,-,2026-06-29 14:53:24
Lee Sin - Blind Monk #304,81.87,0.00,,2026-04-29 17:48:20
Lee Sin - Blind Monk #304,81.87,0.00,,2026-04-29 18:14:56
Lee Sin - Blind Monk #304,81.87,0.00,,2026-05-01 00:15:51
Lee Sin - Blind Monk #304,81.87,0.00,,2026-05-02 17:03:16
Lee Sin - Blind Monk #304,81.87,0.00,,2026-05-03 18:01:53
Lee Sin - Blind Monk #304,81.87,0.00,,2026-05-03 19:33:38
Lee Sin - Blind Monk #304,81.87,0.00,,2026-05-03 23:51:35
Lee Sin - Blind Monk #304,56.03,0.10,+,2026-06-29 14:53:24
Baited Hook #242,41.39,10.00,-,2026-04-29 17:48:20
Baited Hook #242,41.39,10.00,-,2026-04-29 18:14:56
Baited Hook #242,37.14,10.30,-,2026-05-01 00:15:51
Baited Hook #242,37.14,10.30,-,2026-05-02 17:03:16
Baited Hook #242,39.12,5.30,+,2026-05-03 18:01:53
Baited Hook #242,39.12,5.30,+,2026-05-03 19:33:38
Baited Hook #242,39.12,5.30,+,2026-05-03 23:51:35
Baited Hook #242,52.80,7.00,-,2026-06-29 14:53:24
Teemo - Swift Scout #263,1.00,0.00,,2026-04-29 17:48:20
Teemo - Swift Scout #263,1.00,0.00,,2026-04-29 18:14:56
Teemo - Swift Scout #263,0.70,30.00,-,2026-05-01 00:15:51
Teemo - Swift Scout #263,0.70,30.00,-,2026-05-02 17:03:16
Teemo - Swift Scout #263,0.56,20.00,-,2026-05-03 18:01:53
Teemo - Swift Scout #263,0.56,20.00,-,2026-05-03 19:33:38
Teemo - Swift Scout #263,0.56,20.00,-,2026-05-03 23:51:35
Teemo - Swift Scout #263,0.76,94.90,+,2026-06-29 14:53:25
Jinx - Loose Cannon #251,0.25,0.00,,2026-04-29 17:48:20
Jinx - Loose Cannon #251,0.25,0.00,,2026-04-29 18:14:56
Jinx - Loose Cannon #251,0.25,0.00,,2026-05-01 00:15:51
Jinx - Loose Cannon #251,0.25,0.00,,2026-05-02 17:03:16
Jinx - Loose Cannon #251,0.25,0.00,,2026-05-03 18:01:53
Jinx - Loose Cannon #251,0.25,0.00,,2026-05-03 19:33:38
Jinx - Loose Cannon #251,0.25,0.00,,2026-05-03 23:51:35
Jinx - Loose Cannon #251,0.70,11.40,-,2026-06-29 14:53:24
Ahri - Inquisitive #119,10.76,2.50,+,2026-04-29 17:48:20
Ahri - Inquisitive #119,10.76,2.50,+,2026-04-29 18:14:56
Ahri - Inquisitive #119,10.76,2.50,+,2026-05-01 00:15:51
Ahri - Inquisitive #119,10.76,0.00,,2026-05-02 17:03:16
Ahri - Inquisitive #119,10.76,0.00,,2026-05-03 18:01:53
Ahri - Inquisitive #119,10.76,0.00,,2026-05-03 19:33:38
Ahri - Inquisitive #119,10.76,0.00,,2026-05-03 23:51:35
Ahri - Inquisitive #119,4.17,0.00,,2026-06-29 14:53:25
Proving Grounds Box Set,165.98,9.70,-,2026-04-29 17:48:20
Proving Grounds Box Set,165.98,9.70,-,2026-04-29 18:14:56
Proving Grounds Box Set,165.98,9.70,-,2026-05-01 00:15:51
Proving Grounds Box Set,165.98,0.00,,2026-05-02 17:03:16
Proving Grounds Box Set,165.98,0.00,,2026-05-03 18:01:53
Proving Grounds Box Set,165.98,0.00,,2026-05-03 19:33:38
Proving Grounds Box Set,165.98,0.00,,2026-05-03 23:51:35
Proving Grounds Box Set,60.00,3.30,+,2026-06-29 14:53:24
Whiteflame Protector #82,12.49,0.10,-,2026-04-29 17:48:20
Whiteflame Protector #82,12.49,0.10,-,2026-04-29 18:14:56
Whiteflame Protector #82,10.84,13.20,-,2026-05-01 00:15:51
Whiteflame Protector #82,10.84,13.20,-,2026-05-02 17:03:16
Whiteflame Protector #82,10.24,5.50,-,2026-05-03 18:01:53
Whiteflame Protector #82,10.24,5.50,-,2026-05-03 19:33:38
Whiteflame Protector #82,10.24,5.50,-,2026-05-03 23:51:35
Whiteflame Protector #82,5.71,0.30,-,2026-06-29 14:53:25
Sett - Brawler [Alternate Art] #164a,34.36,5.60,-,2026-04-29 17:48:20
Sett - Brawler [Alternate Art] #164a,34.36,5.60,-,2026-04-29 18:14:56
Sett - Brawler [Alternate Art] #164a,34.36,5.60,-,2026-05-01 00:15:51
Sett - Brawler [Alternate Art] #164a,34.40,0.10,+,2026-05-02 17:03:16
Sett - Brawler [Alternate Art] #164a,34.40,0.10,+,2026-05-03 18:01:53
Sett - Brawler [Alternate Art] #164a,34.40,0.10,+,2026-05-03 19:33:38
Sett - Brawler [Alternate Art] #164a,34.40,0.10,+,2026-05-03 23:51:35
Sett - Brawler [Alternate Art] #164a,20.35,0.90,-,2026-06-29 14:53:25
Miss Fortune - Captain [Alternate Art] #162a,18.00,2.70,-,2026-04-29 17:48:20
Miss Fortune - Captain [Alternate Art] #162a,18.00,2.70,-,2026-04-29 18:14:56
Miss Fortune - Captain [Alternate Art] #162a,18.00,2.70,-,2026-05-01 00:15:51
Miss Fortune - Captain [Alternate Art] #162a,18.00,0.00,,2026-05-02 17:03:16
Miss Fortune - Captain [Alternate Art] #162a,18.00,0.00,,2026-05-03 18:01:53
Miss Fortune - Captain [Alternate Art] #162a,18.00,0.00,,2026-05-03 19:33:38
Miss Fortune - Captain [Alternate Art] #162a,18.00,0.00,,2026-05-03 23:51:35
Miss Fortune - Captain [Alternate Art] #162a,8.68,3.80,-,2026-06-29 14:53:25
Darius - Hand of Noxus #302,53.36,0.10,-,2026-04-29 17:48:20
Darius - Hand of Noxus #302,53.36,0.10,-,2026-04-29 18:14:56
Darius - Hand of Noxus #302,52.57,1.50,-,2026-05-01 00:15:51
Darius - Hand of Noxus #302,52.57,1.50,-,2026-05-02 17:03:16
Darius - Hand of Noxus #302,51.60,1.80,-,2026-05-03 18:01:53
Darius - Hand of Noxus #302,51.60,1.80,-,2026-05-03 19:33:38
Darius - Hand of Noxus #302,51.60,1.80,-,2026-05-03 23:51:35
Darius - Hand of Noxus #302,41.51,5.50,-,2026-06-29 14:53:25
Viktor - Herald of the Arcane #265,0.50,51.50,+,2026-04-29 17:48:20
Viktor - Herald of the Arcane #265,0.50,51.50,+,2026-04-29 18:14:56
Viktor - Herald of the Arcane #265,0.50,51.50,+,2026-05-01 00:15:51
Viktor - Herald of the Arcane #265,0.50,0.00,,2026-05-02 17:03:16
Viktor - Herald of the Arcane #265,0.50,0.00,,2026-05-03 18:01:53
Viktor - Herald of the Arcane #265,0.50,0.00,,2026-05-03 19:33:38
Viktor - Herald of the Arcane #265,0.50,0.00,,2026-05-03 23:51:35
Viktor - Herald of the Arcane #265,0.65,44.40,+,2026-06-29 14:53:25
Chaos Rune [Alternate Art] #166a,10.71,4.70,+,2026-04-29 17:48:20
Chaos Rune [Alternate Art] #166a,10.71,4.70,+,2026-04-29 18:14:56
Chaos Rune [Alternate Art] #166a,10.47,2.20,-,2026-05-01 00:15:51
Chaos Rune [Alternate Art] #166a,10.47,2.20,-,2026-05-02 17:03:16
Chaos Rune [Alternate Art] #166a,10.04,4.10,-,2026-05-03 18:01:53
Chaos Rune [Alternate Art] #166a,10.04,4.10,-,2026-05-03 19:33:38
Chaos Rune [Alternate Art] #166a,10.04,4.10,-,2026-05-03 23:51:35
Chaos Rune [Alternate Art] #166a,7.44,0.80,+,2026-06-29 14:53:25
Sett - The Boss #269,0.31,0.00,,2026-04-29 17:48:20
Sett - The Boss #269,0.31,0.00,,2026-04-29 18:14:56
Sett - The Boss #269,0.56,80.60,+,2026-05-01 00:15:51
Sett - The Boss #269,0.56,80.60,+,2026-05-02 17:03:16
Sett - The Boss #269,0.66,17.90,+,2026-05-03 18:01:53
Sett - The Boss #269,0.66,17.90,+,2026-05-03 19:33:38
Sett - The Boss #269,0.66,17.90,+,2026-05-03 23:51:35
Sett - The Boss #269,0.31,6.10,-,2026-06-29 14:53:24
Ahri - Inquisitive [Alternate Art] #119a,14.50,0.00,,2026-04-29 17:48:20
Ahri - Inquisitive [Alternate Art] #119a,14.50,0.00,,2026-04-29 18:14:56
Ahri - Inquisitive [Alternate Art] #119a,14.50,0.00,,2026-05-01 00:15:51
Ahri - Inquisitive [Alternate Art] #119a,14.50,0.00,,2026-05-02 17:03:16
Ahri - Inquisitive [Alternate Art] #119a,14.50,0.00,,2026-05-03 18:01:53
Ahri - Inquisitive [Alternate Art] #119a,14.50,0.00,,2026-05-03 19:33:38
Ahri - Inquisitive [Alternate Art] #119a,14.50,0.00,,2026-05-03 23:51:35
Ahri - Inquisitive [Alternate Art] #119a,9.21,31.20,+,2026-06-29 14:53:25
Showstopper #270,14.99,3.50,-,2026-04-29 17:48:20
Showstopper #270,14.99,3.50,-,2026-04-29 18:14:56
Showstopper #270,14.99,3.50,-,2026-05-01 00:15:51
Showstopper #270,14.99,0.00,,2026-05-02 17:03:16
Showstopper #270,14.99,0.00,,2026-05-03 18:01:53
Showstopper #270,14.99,0.00,,2026-05-03 19:33:38
Showstopper #270,14.99,0.00,,2026-05-03 23:51:35
Showstopper #270,11.00,0.00,,2026-06-29 14:53:25
Icathian Rain #248,9.93,4.60,-,2026-04-29 17:48:20
Icathian Rain #248,9.93,4.60,-,2026-04-29 18:14:56
Icathian Rain #248,9.20,7.40,-,2026-05-01 00:15:51
Icathian Rain #248,9.20,7.40,-,2026-05-02 17:03:16
Icathian Rain #248,9.20,0.00,,2026-05-03 18:01:53
Icathian Rain #248,9.20,0.00,,2026-05-03 19:33:38
Icathian Rain #248,9.20,0.00,,2026-05-03 23:51:35
Icathian Rain #248,4.09,9.90,+,2026-06-29 14:53:25
Body Rune [Alternate Art] #126a,8.29,1.10,+,2026-04-29 17:48:20
Body Rune [Alternate Art] #126a,8.29,1.10,+,2026-04-29 18:14:56
Body Rune [Alternate Art] #126a,8.00,3.50,-,2026-05-01 00:15:51
Body Rune [Alternate Art] #126a,8.00,3.50,-,2026-05-02 17:03:16
Body Rune [Alternate Art] #126a,7.59,5.10,-,2026-05-03 18:01:53
Body Rune [Alternate Art] #126a,7.59,5.10,-,2026-05-03 19:33:38
Body Rune [Alternate Art] #126a,7.59,5.10,-,2026-05-03 23:51:35
Body Rune [Alternate Art] #126a,6.04,0.20,+,2026-06-29 14:53:25
Order Rune [Alternate Art] #214a,9.99,1.40,-,2026-04-29 17:48:20
Order Rune [Alternate Art] #214a,9.99,1.40,-,2026-04-29 18:14:56
Order Rune [Alternate Art] #214a,9.99,1.40,-,2026-05-01 00:15:51
Order Rune [Alternate Art] #214a,9.83,1.60,-,2026-05-02 17:03:16
Order Rune [Alternate Art] #214a,9.83,1.60,-,2026-05-03 18:01:53
Order Rune [Alternate Art] #214a,9.83,1.60,-,2026-05-03 19:33:38
Order Rune [Alternate Art] #214a,9.83,1.60,-,2026-05-03 23:51:35
Order Rune [Alternate Art] #214a,6.30,4.70,+,2026-06-29 14:53:25
Yasuo - Unforgiven #259,0.25,0.00,,2026-04-29 17:48:20
Yasuo - Unforgiven #259,0.25,0.00,,2026-04-29 18:14:56
Yasuo - Unforgiven #259,0.25,0.00,,2026-05-01 00:15:51
Yasuo - Unforgiven #259,0.25,0.00,,2026-05-02 17:03:16
Yasuo - Unforgiven #259,0.25,0.00,,2026-05-03 18:01:53
Yasuo - Unforgiven #259,0.25,0.00,,2026-05-03 19:33:38
Yasuo - Unforgiven #259,0.25,0.00,,2026-05-03 23:51:35
Yasuo - Unforgiven #259,0.56,124.00,+,2026-06-29 14:53:25
Mind Rune [Alternate Art] #89a,9.31,2.10,-,2026-04-29 17:48:20
Mind Rune [Alternate Art] #89a,9.31,2.10,-,2026-04-29 18:14:56
Mind Rune [Alternate Art] #89a,9.31,2.10,-,2026-05-01 00:15:51
Mind Rune [Alternate Art] #89a,8.95,3.90,-,2026-05-02 17:03:16
Mind Rune [Alternate Art] #89a,8.95,3.90,-,2026-05-03 18:01:53
Mind Rune [Alternate Art] #89a,8.95,3.90,-,2026-05-03 19:33:38
Mind Rune [Alternate Art] #89a,8.95,3.90,-,2026-05-03 23:51:35
Mind Rune [Alternate Art] #89a,6.55,1.40,-,2026-06-29 14:53:25
Jinx - Rebel [Alternate Art] #202a,7.00,6.90,-,2026-04-29 17:48:20
Jinx - Rebel [Alternate Art] #202a,7.00,6.90,-,2026-04-29 18:14:56
Jinx - Rebel [Alternate Art] #202a,7.25,3.60,+,2026-05-01 00:15:51
Jinx - Rebel [Alternate Art] #202a,7.25,3.60,+,2026-05-02 17:03:16
Jinx - Rebel [Alternate Art] #202a,7.02,3.20,-,2026-05-03 18:01:53
Jinx - Rebel [Alternate Art] #202a,7.02,3.20,-,2026-05-03 19:33:38
Jinx - Rebel [Alternate Art] #202a,7.02,3.20,-,2026-05-03 23:51:35
Jinx - Rebel [Alternate Art] #202a,3.48,0.60,-,2026-06-29 14:53:25
Jinx - Rebel #202,6.05,9.30,-,2026-04-29 17:48:20
Jinx - Rebel #202,6.05,9.30,-,2026-04-29 18:14:56
Jinx - Rebel #202,6.05,9.30,-,2026-05-01 00:15:51
Jinx - Rebel #202,6.02,0.50,-,2026-05-02 17:03:16
Jinx - Rebel #202,6.02,0.50,-,2026-05-03 18:01:53
Jinx - Rebel #202,6.02,0.50,-,2026-05-03 19:33:38
Jinx - Rebel #202,6.02,0.50,-,2026-05-03 23:51:35
Jinx - Rebel #202,3.40,22.40,-,2026-06-29 14:53:25
Seal of Unity #245,34.99,1.10,-,2026-04-29 17:48:20
Seal of Unity #245,34.99,1.10,-,2026-04-29 18:14:56
Seal of Unity #245,34.99,1.10,-,2026-05-01 00:15:51
Seal of Unity #245,35.00,0.00,+,2026-05-02 17:03:16
Seal of Unity #245,35.00,0.00,+,2026-05-03 18:01:53
Seal of Unity #245,35.00,0.00,+,2026-05-03 19:33:38
Seal of Unity #245,35.00,0.00,+,2026-05-03 23:51:35
Seal of Unity #245,14.08,9.00,-,2026-06-29 14:53:25
Booster Pack,14.43,3.10,+,2026-04-29 17:48:20
Booster Pack,14.43,3.10,+,2026-04-29 18:14:56
Booster Pack,14.43,3.10,+,2026-05-01 00:15:51
Booster Pack,14.47,0.30,+,2026-05-02 17:03:16
Booster Pack,14.47,0.30,+,2026-05-03 18:01:53
Booster Pack,14.47,0.30,+,2026-05-03 19:33:38
Booster Pack,14.47,0.30,+,2026-05-03 23:51:35
Booster Pack,14.69,5.10,+,2026-06-29 14:53:25
Miss Fortune - Captain #162,9.22,2.40,+,2026-04-29 17:48:20
Miss Fortune - Captain #162,9.22,2.40,+,2026-04-29 18:14:56
Miss Fortune - Captain #162,9.22,2.40,+,2026-05-01 00:15:51
Miss Fortune - Captain #162,9.19,0.30,-,2026-05-02 17:03:16
Miss Fortune - Captain #162,9.19,0.30,-,2026-05-03 18:01:53
Miss Fortune - Captain #162,9.19,0.30,-,2026-05-03 19:33:38
Miss Fortune - Captain #162,9.19,0.30,-,2026-05-03 23:51:35
Miss Fortune - Captain #162,4.28,0.70,+,2026-06-29 14:53:25
Calm Rune [Alternate Art] #42a,10.44,0.50,-,2026-04-29 17:48:20
Calm Rune [Alternate Art] #42a,10.44,0.50,-,2026-04-29 18:14:56
Calm Rune [Alternate Art] #42a,9.94,4.80,-,2026-05-01 00:15:51
Calm Rune [Alternate Art] #42a,9.94,4.80,-,2026-05-02 17:03:17
Calm Rune [Alternate Art] #42a,9.82,1.20,-,2026-05-03 18:01:53
Calm Rune [Alternate Art] #42a,9.82,1.20,-,2026-05-03 19:33:38
Calm Rune [Alternate Art] #42a,9.82,1.20,-,2026-05-03 23:51:35
Calm Rune [Alternate Art] #42a,6.56,2.50,-,2026-06-29 14:53:25
Bullet Time #268,15.67,13.90,-,2026-04-29 17:48:20
Bullet Time #268,15.67,13.90,-,2026-04-29 18:14:56
Bullet Time #268,15.67,13.90,-,2026-05-01 00:15:51
Bullet Time #268,15.49,1.10,-,2026-05-02 17:03:17
Bullet Time #268,15.49,1.10,-,2026-05-03 18:01:53
Bullet Time #268,15.49,1.10,-,2026-05-03 19:33:38
Bullet Time #268,15.49,1.10,-,2026-05-03 23:51:35
Bullet Time #268,6.97,18.00,-,2026-06-29 14:53:25
Zenith Blade #262,16.04,4.20,-,2026-04-29 17:48:20
Zenith Blade #262,16.04,4.20,-,2026-04-29 18:14:56
Zenith Blade #262,16.04,4.20,-,2026-05-01 00:15:51
Zenith Blade #262,16.01,0.20,-,2026-05-02 17:03:17
Zenith Blade #262,16.01,0.20,-,2026-05-03 18:01:53
Zenith Blade #262,16.01,0.20,-,2026-05-03 19:33:38
Zenith Blade #262,16.01,0.20,-,2026-05-03 23:51:35
Zenith Blade #262,8.33,4.10,-,2026-06-29 14:53:25
Volibear - Imposing [Alternate Art] #158a,4.81,3.60,-,2026-04-29 17:48:20
Volibear - Imposing [Alternate Art] #158a,4.81,3.60,-,2026-04-29 18:14:56
Volibear - Imposing [Alternate Art] #158a,4.81,3.60,-,2026-05-01 00:15:51
Volibear - Imposing [Alternate Art] #158a,4.80,0.20,-,2026-05-02 17:03:17
Volibear - Imposing [Alternate Art] #158a,4.80,0.20,-,2026-05-03 18:01:53
Volibear - Imposing [Alternate Art] #158a,4.80,0.20,-,2026-05-03 19:33:38
Volibear - Imposing [Alternate Art] #158a,4.80,0.20,-,2026-05-03 23:51:35
Volibear - Imposing [Alternate Art] #158a,2.11,25.70,-,2026-06-29 14:53:25
Fury Rune [Alternate Art] #7a,9.05,1.40,-,2026-04-29 17:48:20
Fury Rune [Alternate Art] #7a,9.05,1.40,-,2026-04-29 18:14:56
Fury Rune [Alternate Art] #7a,9.05,1.40,-,2026-05-01 00:15:51
Fury Rune [Alternate Art] #7a,8.68,4.10,-,2026-05-02 17:03:17
Fury Rune [Alternate Art] #7a,7.75,10.70,-,2026-05-03 18:01:53
Fury Rune [Alternate Art] #7a,7.75,10.70,-,2026-05-03 19:33:38
Fury Rune [Alternate Art] #7a,7.75,10.70,-,2026-05-03 23:51:35
Fury Rune [Alternate Art] #7a,3.46,3.90,-,2026-06-29 14:53:25
Vi - Destructive #36,2.00,0.00,,2026-04-29 17:48:20
Vi - Destructive #36,2.00,0.00,,2026-04-29 18:14:56
Vi - Destructive #36,1.63,18.50,-,2026-05-01 00:15:51
Vi - Destructive #36,1.63,18.50,-,2026-05-02 17:03:17
Vi - Destructive #36,1.75,7.40,+,2026-05-03 18:01:53
Vi - Destructive #36,1.75,7.40,+,2026-05-03 19:33:38
Vi - Destructive #36,1.75,7.40,+,2026-05-03 23:51:35
Vi - Destructive #36,0.62,0.00,,2026-06-29 14:53:25
Dr. Mundo - Expert #109,1.29,5.10,-,2026-04-29 17:48:20
Dr. Mundo - Expert #109,1.29,5.10,-,2026-04-29 18:14:56
Dr. Mundo - Expert #109,1.29,0.00,,2026-05-01 00:15:51
Dr. Mundo - Expert #109,1.29,0.00,,2026-05-02 17:03:17
Dr. Mundo - Expert #109,1.06,17.80,-,2026-05-03 18:01:53
Dr. Mundo - Expert #109,1.06,17.80,-,2026-05-03 19:33:38
Dr. Mundo - Expert #109,1.06,17.80,-,2026-05-03 23:51:35
Dr. Mundo - Expert #109,0.57,3.40,-,2026-06-29 14:53:25
Mistfall #152,0.21,0.00,,2026-04-29 17:48:20
Mistfall #152,0.21,0.00,,2026-04-29 18:14:56
Mistfall #152,0.21,0.00,,2026-05-01 00:15:51
Mistfall #152,0.21,0.00,,2026-05-02 17:03:17
Mistfall #152,0.21,0.00,,2026-05-03 18:01:53
Mistfall #152,0.21,0.00,,2026-05-03 19:33:38
Mistfall #152,0.21,0.00,,2026-05-03 23:51:35
Mistfall #152,0.18,5.30,-,2026-06-29 14:53:25
Lee Sin - Blind Monk #257,0.25,0.00,,2026-04-29 17:48:20
Lee Sin - Blind Monk #257,0.25,0.00,,2026-04-29 18:14:56
Lee Sin - Blind Monk #257,0.25,0.00,,2026-05-01 00:15:51
Lee Sin - Blind Monk #257,0.25,0.00,,2026-05-02 17:03:17
Lee Sin - Blind Monk #257,0.25,0.00,,2026-05-03 18:01:53
Lee Sin - Blind Monk #257,0.25,0.00,,2026-05-03 19:33:38
Lee Sin - Blind Monk #257,0.25,0.00,,2026-05-03 23:51:35
Lee Sin - Blind Monk #257,0.36,44.00,+,2026-06-29 14:53:25
Leona - Zealot [Alternate Art] #79a,11.22,1.40,+,2026-04-29 17:48:20
Leona - Zealot [Alternate Art] #79a,11.22,1.40,+,2026-04-29 18:14:56
Leona - Zealot [Alternate Art] #79a,10.55,6.00,-,2026-05-01 00:15:51
Leona - Zealot [Alternate Art] #79a,10.55,6.00,-,2026-05-02 17:03:17
Leona - Zealot [Alternate Art] #79a,10.51,0.40,-,2026-05-03 18:01:53
Leona - Zealot [Alternate Art] #79a,10.51,0.40,-,2026-05-03 19:33:38
Leona - Zealot [Alternate Art] #79a,10.51,0.40,-,2026-05-03 23:51:35
Leona - Zealot [Alternate Art] #79a,6.00,0.20,+,2026-06-29 14:53:25
Darius - Executioner [Alternate Art] #243a,5.00,0.20,+,2026-04-29 17:48:20
Darius - Executioner [Alternate Art] #243a,5.00,0.20,+,2026-04-29 18:14:56
Darius - Executioner [Alternate Art] #243a,5.00,0.20,+,2026-05-01 00:15:51
Darius - Executioner [Alternate Art] #243a,4.53,9.40,-,2026-05-02 17:03:17
Darius - Executioner [Alternate Art] #243a,4.53,9.40,-,2026-05-03 18:01:53
Darius - Executioner [Alternate Art] #243a,4.53,9.40,-,2026-05-03 19:33:38
Darius - Executioner [Alternate Art] #243a,4.53,9.40,-,2026-05-03 23:51:36
Darius - Executioner [Alternate Art] #243a,2.04,10.90,-,2026-06-29 14:53:25
Viktor - Leader #246,6.12,1.40,-,2026-04-29 17:48:20
Viktor - Leader #246,6.12,1.40,-,2026-04-29 18:14:56
Viktor - Leader #246,6.12,1.40,-,2026-05-01 00:15:51
Viktor - Leader #246,5.49,10.30,-,2026-05-02 17:03:17
Viktor - Leader #246,5.49,10.30,-,2026-05-03 18:01:53
Viktor - Leader #246,5.49,10.30,-,2026-05-03 19:33:38
Viktor - Leader #246,5.49,10.30,-,2026-05-03 23:51:36
Viktor - Leader #246,3.64,0.80,+,2026-06-29 14:53:25
Darius - Trifarian #27,3.70,0.50,-,2026-04-29 17:48:20
Darius - Trifarian #27,3.70,0.50,-,2026-04-29 18:14:56
Darius - Trifarian #27,3.39,8.40,-,2026-05-01 00:15:51
Darius - Trifarian #27,3.39,8.40,-,2026-05-02 17:03:17
Darius - Trifarian #27,3.38,0.30,-,2026-05-03 18:01:53
Darius - Trifarian #27,3.38,0.30,-,2026-05-03 19:33:38
Darius - Trifarian #27,3.38,0.30,-,2026-05-03 23:51:36
Darius - Trifarian #27,2.72,23.10,+,2026-06-29 14:53:25
Leona - Radiant Dawn #261,0.50,100.00,+,2026-04-29 17:48:20
Leona - Radiant Dawn #261,0.50,100.00,+,2026-04-29 18:14:56
Leona - Radiant Dawn #261,0.50,100.00,+,2026-05-01 00:15:51
Leona - Radiant Dawn #261,0.33,34.00,-,2026-05-02 17:03:17
Leona - Radiant Dawn #261,0.33,34.00,-,2026-05-03 18:01:53
Leona - Radiant Dawn #261,0.33,34.00,-,2026-05-03 19:33:38
Leona - Radiant Dawn #261,0.33,34.00,-,2026-05-03 23:51:36
Leona - Radiant Dawn #261,0.34,50.00,-,2026-06-29 14:53:25
Jinx - Demolitionist #30,0.42,8.70,-,2026-04-29 17:48:20
Jinx - Demolitionist #30,0.42,8.70,-,2026-04-29 18:14:56
Jinx - Demolitionist #30,0.42,8.70,-,2026-05-01 00:15:51
Jinx - Demolitionist #30,0.42,8.70,-,2026-05-02 17:03:17
Jinx - Demolitionist #30,0.33,21.40,-,2026-05-03 18:01:53
Jinx - Demolitionist #30,0.33,21.40,-,2026-05-03 19:33:38
Jinx - Demolitionist #30,0.33,21.40,-,2026-05-03 23:51:36
Jinx - Demolitionist #30,0.63,53.70,+,2026-06-29 14:53:25
Body Rune [Promo] #126b,17.00,0.00,,2026-04-29 17:48:20
Body Rune [Promo] #126b,17.00,0.00,,2026-04-29 18:14:56
Body Rune [Promo] #126b,17.00,0.00,,2026-05-01 00:15:51
Body Rune [Promo] #126b,17.00,0.00,,2026-05-02 17:03:17
Body Rune [Promo] #126b,17.00,0.00,,2026-05-03 18:01:53
Body Rune [Promo] #126b,17.00,0.00,,2026-05-03 19:33:38
Body Rune [Promo] #126b,17.00,0.00,,2026-05-03 23:51:36
Body Rune [Promo] #126b,9.76,0.00,,2026-06-29 14:53:25
Zhonya's Hourglass #77,10.82,9.80,-,2026-04-29 17:48:20
Zhonya's Hourglass #77,10.82,9.80,-,2026-04-29 18:14:56
Zhonya's Hourglass #77,10.82,9.80,-,2026-05-01 00:15:51
Zhonya's Hourglass #77,10.89,0.60,+,2026-05-02 17:03:17
Zhonya's Hourglass #77,10.89,0.60,+,2026-05-03 18:01:53
Zhonya's Hourglass #77,10.89,0.60,+,2026-05-03 19:33:38
Zhonya's Hourglass #77,10.89,0.60,+,2026-05-03 23:51:36
Zhonya's Hourglass #77,8.00,0.00,,2026-06-29 14:53:25
Kai'Sa - Evolutionary #112,0.79,0.00,,2026-04-29 17:48:20
Kai'Sa - Evolutionary #112,0.79,0.00,,2026-04-29 18:14:56
Kai'Sa - Evolutionary #112,0.79,0.00,,2026-05-01 00:15:51
Kai'Sa - Evolutionary #112,0.79,0.00,,2026-05-02 17:03:17
Kai'Sa - Evolutionary #112,0.79,0.00,,2026-05-03 18:01:53
Kai'Sa - Evolutionary #112,0.79,0.00,,2026-05-03 19:33:38
Kai'Sa - Evolutionary #112,0.79,0.00,,2026-05-03 23:51:36
Kai'Sa - Evolutionary #112,0.99,98.00,+,2026-06-29 14:53:25
Mindsplitter #192,5.50,10.60,-,2026-04-29 17:48:20
Mindsplitter #192,5.50,10.60,-,2026-04-29 18:14:56
Mindsplitter #192,5.92,7.60,+,2026-05-01 00:15:51
Mindsplitter #192,5.92,7.60,+,2026-05-02 17:03:17
Mindsplitter #192,5.83,1.50,-,2026-05-03 18:01:53
Mindsplitter #192,5.83,1.50,-,2026-05-03 19:33:38
Mindsplitter #192,5.83,1.50,-,2026-05-03 23:51:36
Mindsplitter #192,3.33,8.00,-,2026-06-29 14:53:25
Miss Fortune - Bounty Hunter #267,0.50,16.70,-,2026-04-29 17:48:21
Miss Fortune - Bounty Hunter #267,0.50,16.70,-,2026-04-29 18:14:56
Miss Fortune - Bounty Hunter #267,0.50,16.70,-,2026-05-01 00:15:51
Miss Fortune - Bounty Hunter #267,0.49,2.00,-,2026-05-02 17:03:17
Miss Fortune - Bounty Hunter #267,0.49,2.00,-,2026-05-03 18:01:53
Miss Fortune - Bounty Hunter #267,0.49,2.00,-,2026-05-03 19:33:38
Miss Fortune - Bounty Hunter #267,0.49,2.00,-,2026-05-03 23:51:36
Miss Fortune - Bounty Hunter #267,0.89,9.20,-,2026-06-29 14:53:25
Jinx - Demolitionist [Alternate Art] #30a,4.43,21.70,-,2026-04-29 17:48:21
Jinx - Demolitionist [Alternate Art] #30a,4.43,21.70,-,2026-04-29 18:14:56
Jinx - Demolitionist [Alternate Art] #30a,4.43,21.70,-,2026-05-01 00:15:51
Jinx - Demolitionist [Alternate Art] #30a,4.38,1.10,-,2026-05-02 17:03:17
Jinx - Demolitionist [Alternate Art] #30a,4.38,1.10,-,2026-05-03 18:01:53
Jinx - Demolitionist [Alternate Art] #30a,4.38,1.10,-,2026-05-03 19:33:38
Jinx - Demolitionist [Alternate Art] #30a,4.38,1.10,-,2026-05-03 23:51:36
Jinx - Demolitionist [Alternate Art] #30a,2.13,3.20,-,2026-06-29 14:53:25
Yasuo - Windrider [Alternate Art] #205a,6.70,3.60,+,2026-04-29 17:48:21
Yasuo - Windrider [Alternate Art] #205a,6.70,3.60,+,2026-04-29 18:14:56
Yasuo - Windrider [Alternate Art] #205a,6.70,3.60,+,2026-05-01 00:15:51
Yasuo - Windrider [Alternate Art] #205a,6.70,0.00,,2026-05-02 17:03:17
Yasuo - Windrider [Alternate Art] #205a,6.70,0.00,,2026-05-03 18:01:53
Yasuo - Windrider [Alternate Art] #205a,6.70,0.00,,2026-05-03 19:33:38
Yasuo - Windrider [Alternate Art] #205a,6.70,0.00,,2026-05-03 23:51:36
Yasuo - Windrider [Alternate Art] #205a,3.15,5.10,-,2026-06-29 14:53:25
Lee Sin - Ascetic #78,1.21,0.00,,2026-04-29 17:48:21
Lee Sin - Ascetic #78,1.21,0.00,,2026-04-29 18:14:56
Lee Sin - Ascetic #78,1.30,7.40,+,2026-05-01 00:15:51
Lee Sin - Ascetic #78,1.30,7.40,+,2026-05-02 17:03:17
Lee Sin - Ascetic #78,1.90,46.20,+,2026-05-03 18:01:53
Lee Sin - Ascetic #78,1.90,46.20,+,2026-05-03 19:33:38
Lee Sin - Ascetic #78,1.90,46.20,+,2026-05-03 23:51:36
Lee Sin - Ascetic #78,1.66,10.80,-,2026-06-29 14:53:25
Darius - Hand of Noxus #253,0.50,72.40,+,2026-04-29 17:48:21
Darius - Hand of Noxus #253,0.50,72.40,+,2026-04-29 18:14:56
Darius - Hand of Noxus #253,0.50,72.40,+,2026-05-01 00:15:51
Darius - Hand of Noxus #253,0.46,8.00,-,2026-05-02 17:03:17
Darius - Hand of Noxus #253,0.46,8.00,-,2026-05-03 18:01:53
Darius - Hand of Noxus #253,0.46,8.00,-,2026-05-03 19:33:38
Darius - Hand of Noxus #253,0.46,8.00,-,2026-05-03 23:51:36
Darius - Hand of Noxus #253,0.54,145.50,+,2026-06-29 14:53:25
Teemo - Scout [Alternate Art] #197a,11.13,1.30,+,2026-04-29 17:48:21
Teemo - Scout [Alternate Art] #197a,11.13,1.30,+,2026-04-29 18:14:56
Teemo - Scout [Alternate Art] #197a,11.24,1.00,+,2026-05-01 00:15:51
Teemo - Scout [Alternate Art] #197a,11.24,1.00,+,2026-05-02 17:03:17
Teemo - Scout [Alternate Art] #197a,11.24,1.00,+,2026-05-03 18:01:53
Teemo - Scout [Alternate Art] #197a,11.24,1.00,+,2026-05-03 19:33:38
Teemo - Scout [Alternate Art] #197a,11.24,1.00,+,2026-05-03 23:51:36
Teemo - Scout [Alternate Art] #197a,10.99,0.00,,2026-06-29 14:53:25
Teemo - Strategist #121,4.17,3.00,-,2026-04-29 17:48:21
Teemo - Strategist #121,4.17,3.00,-,2026-04-29 18:14:56
Teemo - Strategist #121,4.17,3.00,-,2026-05-01 00:15:51
Teemo - Strategist #121,4.00,4.10,-,2026-05-02 17:03:17
Teemo - Strategist #121,4.00,4.10,-,2026-05-03 18:01:53
Teemo - Strategist #121,4.00,4.10,-,2026-05-03 19:33:38
Teemo - Strategist #121,4.00,4.10,-,2026-05-03 23:51:36
Teemo - Strategist #121,7.10,37.90,+,2026-06-29 14:53:25
Taric - Protector #74,0.39,8.30,+,2026-04-29 17:48:21
Taric - Protector #74,0.39,8.30,+,2026-04-29 18:14:56
Taric - Protector #74,0.39,8.30,+,2026-05-01 00:15:51
Taric - Protector #74,0.36,7.70,-,2026-05-02 17:03:17
Taric - Protector #74,0.36,7.70,-,2026-05-03 18:01:53
Taric - Protector #74,0.36,7.70,-,2026-05-03 19:33:38
Taric - Protector #74,0.36,7.70,-,2026-05-03 23:51:36
Taric - Protector #74,0.37,48.00,+,2026-06-29 14:53:25
Seal of Rage #40,23.98,8.90,-,2026-04-29 17:48:21
Seal of Rage #40,23.98,8.90,-,2026-04-29 18:14:56
Seal of Rage #40,23.98,8.90,-,2026-05-01 00:15:51
Seal of Rage #40,23.67,1.30,-,2026-05-02 17:03:17
Seal of Rage #40,23.67,1.30,-,2026-05-03 18:01:53
Seal of Rage #40,23.67,1.30,-,2026-05-03 19:33:38
Seal of Rage #40,23.67,1.30,-,2026-05-03 23:51:36
Seal of Rage #40,12.56,0.90,-,2026-06-29 14:53:25
Unchecked Power #123,23.50,0.00,,2026-04-29 17:48:21
Unchecked Power #123,23.50,0.00,,2026-04-29 18:14:56
Unchecked Power #123,23.50,0.00,,2026-05-01 00:15:51
Unchecked Power #123,24.74,5.30,+,2026-05-02 17:03:17
Unchecked Power #123,24.74,5.30,+,2026-05-03 18:01:53
Unchecked Power #123,24.74,5.30,+,2026-05-03 19:33:38
Unchecked Power #123,24.74,5.30,+,2026-05-03 23:51:36
Unchecked Power #123,36.04,0.00,,2026-06-29 14:53:25
Falling Star #29,7.99,13.60,-,2026-04-29 17:48:21
Falling Star #29,7.99,13.60,-,2026-04-29 18:14:56
Falling Star #29,7.99,0.00,,2026-05-01 00:15:51
Falling Star #29,7.99,0.00,,2026-05-02 17:03:17
Falling Star #29,6.68,16.40,-,2026-05-03 18:01:53
Falling Star #29,6.68,16.40,-,2026-05-03 19:33:38
Falling Star #29,6.68,16.40,-,2026-05-03 23:51:36
Falling Star #29,5.25,0.40,-,2026-06-29 14:53:25
Immortal Phoenix #37,23.51,6.00,-,2026-04-29 17:48:21
Immortal Phoenix #37,23.51,6.00,-,2026-04-29 18:14:56
Immortal Phoenix #37,23.51,6.00,-,2026-05-01 00:15:51
Immortal Phoenix #37,22.63,3.70,-,2026-05-02 17:03:17
Immortal Phoenix #37,22.63,3.70,-,2026-05-03 18:01:53
Immortal Phoenix #37,22.63,3.70,-,2026-05-03 19:33:38
Immortal Phoenix #37,22.63,3.70,-,2026-05-03 23:51:36
Immortal Phoenix #37,6.42,6.30,-,2026-06-29 14:53:25
Fiora - Victorious #232,7.50,0.00,,2026-04-29 17:48:21
Fiora - Victorious #232,7.50,0.00,,2026-04-29 18:14:56
Fiora - Victorious #232,6.58,12.30,-,2026-05-01 00:15:51
Fiora - Victorious #232,6.58,0.00,,2026-05-02 17:03:17
Fiora - Victorious #232,6.58,0.00,,2026-05-03 18:01:53
Fiora - Victorious #232,6.58,0.00,,2026-05-03 19:33:38
Fiora - Victorious #232,6.58,0.00,,2026-05-03 23:51:36
Fiora - Victorious #232,3.33,0.60,+,2026-06-29 14:53:25
Siphon Power #266,3.46,1.10,-,2026-04-29 17:48:21
Siphon Power #266,3.46,1.10,-,2026-04-29 18:14:56
Siphon Power #266,3.46,1.10,-,2026-05-01 00:15:51
Siphon Power #266,3.15,9.00,-,2026-05-02 17:03:17
Siphon Power #266,3.15,9.00,-,2026-05-03 18:01:53
Siphon Power #266,3.15,9.00,-,2026-05-03 19:33:38
Siphon Power #266,3.15,9.00,-,2026-05-03 23:51:36
Siphon Power #266,2.03,11.00,-,2026-06-29 14:53:25
Teemo - Strategist [Alternate Art] #121a,9.90,10.20,+,2026-04-29 17:48:21
Teemo - Strategist [Alternate Art] #121a,9.90,10.20,+,2026-04-29 18:14:56
Teemo - Strategist [Alternate Art] #121a,9.90,10.20,+,2026-05-01 00:15:51
Teemo - Strategist [Alternate Art] #121a,9.90,10.20,+,2026-05-02 17:03:17
Teemo - Strategist [Alternate Art] #121a,10.45,5.60,+,2026-05-03 18:01:53
Teemo - Strategist [Alternate Art] #121a,10.45,5.60,+,2026-05-03 19:33:38
Teemo - Strategist [Alternate Art] #121a,10.45,5.60,+,2026-05-03 23:51:36
Teemo - Strategist [Alternate Art] #121a,9.59,0.30,-,2026-06-29 14:53:25
Rhasa the Sunderer #195,2.35,7.80,+,2026-04-29 17:48:21
Rhasa the Sunderer #195,2.35,7.80,+,2026-04-29 18:14:56
Rhasa the Sunderer #195,2.35,7.80,+,2026-05-01 00:15:51
Rhasa the Sunderer #195,2.40,2.10,+,2026-05-02 17:03:17
Rhasa the Sunderer #195,2.40,2.10,+,2026-05-03 18:01:53
Rhasa the Sunderer #195,2.40,2.10,+,2026-05-03 19:33:38
Rhasa the Sunderer #195,2.40,2.10,+,2026-05-03 23:51:36
Rhasa the Sunderer #195,0.55,47.10,-,2026-06-29 14:53:25
Ahri - Alluring [Alternate Art] #66a,10.44,9.70,-,2026-04-29 17:48:21
Ahri - Alluring [Alternate Art] #66a,10.44,9.70,-,2026-04-29 18:14:56
Ahri - Alluring [Alternate Art] #66a,10.44,9.70,-,2026-05-01 00:15:51
Ahri - Alluring [Alternate Art] #66a,9.93,4.90,-,2026-05-02 17:03:17
Ahri - Alluring [Alternate Art] #66a,9.93,4.90,-,2026-05-03 18:01:53
Ahri - Alluring [Alternate Art] #66a,9.93,4.90,-,2026-05-03 19:33:38
Ahri - Alluring [Alternate Art] #66a,9.93,4.90,-,2026-05-03 23:51:36
Ahri - Alluring [Alternate Art] #66a,5.65,5.50,-,2026-06-29 14:53:25
Champion Deck: Lee Sin,35.95,3.80,+,2026-04-29 17:48:21
Champion Deck: Lee Sin,35.95,3.80,+,2026-04-29 18:14:56
Champion Deck: Lee Sin,35.95,3.80,+,2026-05-01 00:15:51
Champion Deck: Lee Sin,38.97,8.40,+,2026-05-02 17:03:17
Champion Deck: Lee Sin,38.97,8.40,+,2026-05-03 18:01:53
Champion Deck: Lee Sin,38.97,8.40,+,2026-05-03 19:33:38
Champion Deck: Lee Sin,38.97,8.40,+,2026-05-03 23:51:36
Champion Deck: Lee Sin,43.86,0.20,-,2026-06-29 14:53:25
Darius - Trifarian [Alternate Art] #27a,12.71,4.70,-,2026-04-29 17:48:21
Darius - Trifarian [Alternate Art] #27a,12.71,4.70,-,2026-04-29 18:14:56
Darius - Trifarian [Alternate Art] #27a,12.71,4.70,-,2026-05-01 00:15:51
Darius - Trifarian [Alternate Art] #27a,12.68,0.20,-,2026-05-02 17:03:17
Darius - Trifarian [Alternate Art] #27a,12.68,0.20,-,2026-05-03 18:01:53
Darius - Trifarian [Alternate Art] #27a,12.68,0.20,-,2026-05-03 19:33:38
Darius - Trifarian [Alternate Art] #27a,12.68,0.20,-,2026-05-03 23:51:36
Darius - Trifarian [Alternate Art] #27a,5.69,18.20,-,2026-06-29 14:53:25
Karma - Channeler #235,0.45,12.50,+,2026-04-29 17:48:21
Karma - Channeler #235,0.45,12.50,+,2026-04-29 18:14:56
Karma - Channeler #235,0.45,12.50,+,2026-05-01 00:15:51
Karma - Channeler #235,0.45,0.00,,2026-05-02 17:03:17
Karma - Channeler #235,0.45,0.00,,2026-05-03 18:01:53
Karma - Channeler #235,0.45,0.00,,2026-05-03 19:33:39
Karma - Channeler #235,0.45,0.00,,2026-05-03 23:51:36
Karma - Channeler #235,0.46,76.90,+,2026-06-29 14:53:25
Last Breath #260,3.72,2.90,-,2026-04-29 17:48:21
Last Breath #260,3.72,2.90,-,2026-04-29 18:14:56
Last Breath #260,3.72,2.90,-,2026-05-01 00:15:51
Last Breath #260,3.72,0.00,,2026-05-02 17:03:17
Last Breath #260,3.72,0.00,,2026-05-03 18:01:53
Last Breath #260,3.72,0.00,,2026-05-03 19:33:39
Last Breath #260,3.72,0.00,,2026-05-03 23:51:36
Last Breath #260,2.66,17.90,-,2026-06-29 14:53:25
Miss Fortune - Buccaneer [Alternate Art] #193a,6.12,0.20,-,2026-04-29 17:48:21
Miss Fortune - Buccaneer [Alternate Art] #193a,6.12,0.20,-,2026-04-29 18:14:56
Miss Fortune - Buccaneer [Alternate Art] #193a,6.12,0.20,-,2026-05-01 00:15:51
Miss Fortune - Buccaneer [Alternate Art] #193a,5.58,8.80,-,2026-05-02 17:03:17
Miss Fortune - Buccaneer [Alternate Art] #193a,5.58,8.80,-,2026-05-03 18:01:53
Miss Fortune - Buccaneer [Alternate Art] #193a,5.58,8.80,-,2026-05-03 19:33:39
Miss Fortune - Buccaneer [Alternate Art] #193a,5.58,8.80,-,2026-05-03 23:51:36
Miss Fortune - Buccaneer [Alternate Art] #193a,3.19,3.20,+,2026-06-29 14:53:25
Caitlyn - Patrolling #68,0.50,0.00,,2026-04-29 17:48:21
Caitlyn - Patrolling #68,0.50,0.00,,2026-04-29 18:14:56
Caitlyn - Patrolling #68,0.44,12.00,-,2026-05-01 00:15:51
Caitlyn - Patrolling #68,0.44,12.00,-,2026-05-02 17:03:17
Caitlyn - Patrolling #68,0.44,12.00,-,2026-05-03 18:01:53
Caitlyn - Patrolling #68,0.44,12.00,-,2026-05-03 19:33:39
Caitlyn - Patrolling #68,0.44,12.00,-,2026-05-03 23:51:36
Caitlyn - Patrolling #68,0.65,85.70,+,2026-06-29 14:53:25
Champion Deck: Viktor,58.80,3.60,+,2026-04-29 17:48:21
Champion Deck: Viktor,58.80,3.60,+,2026-04-29 18:14:56
Champion Deck: Viktor,58.80,3.60,+,2026-05-01 00:15:51
Champion Deck: Viktor,56.07,4.60,-,2026-05-02 17:03:17
Champion Deck: Viktor,56.07,4.60,-,2026-05-03 18:01:53
Champion Deck: Viktor,56.07,4.60,-,2026-05-03 19:33:39
Champion Deck: Viktor,56.07,4.60,-,2026-05-03 23:51:36
Champion Deck: Viktor,58.28,6.60,+,2026-06-29 14:53:25
Vayne - Hunter #35,0.64,15.80,-,2026-04-29 17:48:21
Vayne - Hunter #35,0.64,15.80,-,2026-04-29 18:14:56
Vayne - Hunter #35,0.64,15.80,-,2026-05-01 00:15:51
Vayne - Hunter #35,0.64,15.80,-,2026-05-02 17:03:17
Vayne - Hunter #35,0.64,15.80,-,2026-05-03 18:01:53
Vayne - Hunter #35,0.64,15.80,-,2026-05-03 19:33:39
Vayne - Hunter #35,0.64,15.80,-,2026-05-03 23:51:36
Vayne - Hunter #35,0.78,47.20,+,2026-06-29 14:53:25
Qiyana - Victorious #155,3.08,14.00,-,2026-04-29 17:48:21
Qiyana - Victorious #155,3.08,14.00,-,2026-04-29 18:14:56
Qiyana - Victorious #155,3.08,14.00,-,2026-05-01 00:15:51
Qiyana - Victorious #155,3.08,14.00,-,2026-05-02 17:03:17
Qiyana - Victorious #155,2.76,10.40,-,2026-05-03 18:01:53
Qiyana - Victorious #155,2.76,10.40,-,2026-05-03 19:33:39
Qiyana - Victorious #155,2.76,10.40,-,2026-05-03 23:51:36
Qiyana - Victorious #155,1.11,19.60,-,2026-06-29 14:53:25
Invert Timeline #201,24.59,3.10,-,2026-04-29 17:48:21
Invert Timeline #201,24.59,3.10,-,2026-04-29 18:14:56
Invert Timeline #201,24.45,0.60,-,2026-05-01 00:15:51
Invert Timeline #201,24.45,0.60,-,2026-05-02 17:03:17
Invert Timeline #201,24.45,0.60,-,2026-05-03 18:01:53
Invert Timeline #201,24.45,0.60,-,2026-05-03 19:33:39
Invert Timeline #201,24.45,0.60,-,2026-05-03 23:51:36
Invert Timeline #201,14.66,0.00,,2026-06-29 14:53:25
Volibear - Furious [Alternate Art] #41a,4.93,5.20,-,2026-04-29 17:48:21
Volibear - Furious [Alternate Art] #41a,4.93,5.20,-,2026-04-29 18:14:56
Volibear - Furious [Alternate Art] #41a,4.93,5.20,-,2026-05-01 00:15:51
Volibear - Furious [Alternate Art] #41a,4.93,5.20,-,2026-05-02 17:03:17
Volibear - Furious [Alternate Art] #41a,4.93,5.20,-,2026-05-03 18:01:53
Volibear - Furious [Alternate Art] #41a,4.93,5.20,-,2026-05-03 19:33:39
Volibear - Furious [Alternate Art] #41a,4.93,5.20,-,2026-05-03 23:51:36
Volibear - Furious [Alternate Art] #41a,2.26,5.60,+,2026-06-29 14:53:25
Kayn - Unleashed #189,0.54,6.90,-,2026-04-29 17:48:21
Kayn - Unleashed #189,0.54,6.90,-,2026-04-29 18:14:56
Kayn - Unleashed #189,0.54,6.90,-,2026-05-01 00:15:51
Kayn - Unleashed #189,0.50,7.40,-,2026-05-02 17:03:17
Kayn - Unleashed #189,0.50,7.40,-,2026-05-03 18:01:53
Kayn - Unleashed #189,0.50,7.40,-,2026-05-03 19:33:39
Kayn - Unleashed #189,0.50,7.40,-,2026-05-03 23:51:36
Kayn - Unleashed #189,0.38,26.70,+,2026-06-29 14:53:25
Volibear - Relentless Storm #249,0.57,14.90,-,2026-04-29 17:48:21
Volibear - Relentless Storm #249,0.57,14.90,-,2026-04-29 18:14:56
Volibear - Relentless Storm #249,0.57,14.90,-,2026-05-01 00:15:52
Volibear - Relentless Storm #249,0.34,40.40,-,2026-05-02 17:03:17
Volibear - Relentless Storm #249,0.34,40.40,-,2026-05-03 18:01:53
Volibear - Relentless Storm #249,0.34,40.40,-,2026-05-03 19:33:39
Volibear - Relentless Storm #249,0.34,40.40,-,2026-05-03 23:51:36
Volibear - Relentless Storm #249,0.50,7.40,-,2026-06-29 14:53:25
Super Mega Death Rocket! #252,14.25,1.00,-,2026-04-29 17:48:21
Super Mega Death Rocket! #252,14.25,1.00,-,2026-04-29 18:14:56
Super Mega Death Rocket! #252,14.25,1.00,-,2026-05-01 00:15:52
Super Mega Death Rocket! #252,14.25,1.00,-,2026-05-02 17:03:17
Super Mega Death Rocket! #252,13.02,8.60,-,2026-05-03 18:01:53
Super Mega Death Rocket! #252,13.02,8.60,-,2026-05-03 19:33:39
Super Mega Death Rocket! #252,13.02,8.60,-,2026-05-03 23:51:36
Super Mega Death Rocket! #252,5.28,0.00,,2026-06-29 14:53:25
Fox-Fire #256,7.85,4.20,-,2026-04-29 17:48:21
Fox-Fire #256,7.85,4.20,-,2026-04-29 18:14:56
Fox-Fire #256,7.85,4.20,-,2026-05-01 00:15:52
Fox-Fire #256,7.25,7.60,-,2026-05-02 17:03:17
Fox-Fire #256,7.25,7.60,-,2026-05-03 18:01:53
Fox-Fire #256,7.25,7.60,-,2026-05-03 19:33:39
Fox-Fire #256,7.25,7.60,-,2026-05-03 23:51:36
Fox-Fire #256,3.85,5.20,+,2026-06-29 14:53:25
Draven - Showboat #28,0.73,1.40,-,2026-04-29 17:48:21
Draven - Showboat #28,0.73,1.40,-,2026-04-29 18:14:56
Draven - Showboat #28,0.73,1.40,-,2026-05-01 00:15:52
Draven - Showboat #28,0.83,13.70,+,2026-05-02 17:03:17
Draven - Showboat #28,0.83,13.70,+,2026-05-03 18:01:53
Draven - Showboat #28,0.83,13.70,+,2026-05-03 19:33:39
Draven - Showboat #28,0.83,13.70,+,2026-05-03 23:51:36
Draven - Showboat #28,0.47,17.50,-,2026-06-29 14:53:25
Albus Ferros #230,0.25,0.00,,2026-04-29 17:48:21
Albus Ferros #230,0.25,0.00,,2026-04-29 18:14:56
Albus Ferros #230,0.25,0.00,,2026-05-01 00:15:52
Albus Ferros #230,0.25,0.00,,2026-05-02 17:03:17
Albus Ferros #230,0.25,0.00,,2026-05-03 18:01:53
Albus Ferros #230,0.25,0.00,,2026-05-03 19:33:39
Albus Ferros #230,0.25,0.00,,2026-05-03 23:51:36
Albus Ferros #230,0.10,23.10,-,2026-06-29 14:53:25
Leona - Determined #238,0.85,0.00,,2026-04-29 17:48:21
Leona - Determined #238,0.85,0.00,,2026-04-29 18:14:56
Leona - Determined #238,0.85,0.00,,2026-05-01 00:15:52
Leona - Determined #238,0.85,0.00,,2026-05-02 17:03:17
Leona - Determined #238,0.85,0.00,,2026-05-03 18:01:53
Leona - Determined #238,0.85,0.00,,2026-05-03 19:33:39
Leona - Determined #238,0.85,0.00,,2026-05-03 23:51:36
Leona - Determined #238,0.38,33.30,-,2026-06-29 14:53:25
Dragon's Rage #258,3.47,4.20,+,2026-04-29 17:48:21
Dragon's Rage #258,3.47,4.20,+,2026-04-29 18:14:56
Dragon's Rage #258,3.37,2.90,-,2026-05-01 00:15:52
Dragon's Rage #258,3.37,2.90,-,2026-05-02 17:03:17
Dragon's Rage #258,3.37,0.00,,2026-05-03 18:01:53
Dragon's Rage #258,3.37,0.00,,2026-05-03 19:33:39
Dragon's Rage #258,3.37,0.00,,2026-05-03 23:51:36
Dragon's Rage #258,2.54,25.70,+,2026-06-29 14:53:25
Mystic Reversal #80,5.00,0.00,,2026-04-29 17:48:21
Mystic Reversal #80,5.00,0.00,,2026-04-29 18:14:56
Mystic Reversal #80,5.00,0.00,,2026-05-01 00:15:52
Mystic Reversal #80,5.00,0.00,,2026-05-02 17:03:17
Mystic Reversal #80,5.14,2.80,+,2026-05-03 18:01:53
Mystic Reversal #80,5.14,2.80,+,2026-05-03 19:33:39
Mystic Reversal #80,5.14,2.80,+,2026-05-03 23:51:36
Mystic Reversal #80,1.72,14.70,+,2026-06-29 14:53:25
Kadregrin the Infernal #38,14.99,0.00,,2026-04-29 17:48:21
Kadregrin the Infernal #38,14.99,0.00,,2026-04-29 18:14:56
Kadregrin the Infernal #38,14.99,0.00,,2026-05-01 00:15:52
Kadregrin the Infernal #38,12.00,19.90,-,2026-05-02 17:03:17
Kadregrin the Infernal #38,12.00,19.90,-,2026-05-03 18:01:53
Kadregrin the Infernal #38,12.00,19.90,-,2026-05-03 19:33:39
Kadregrin the Infernal #38,12.00,19.90,-,2026-05-03 23:51:36
Kadregrin the Infernal #38,11.93,2.40,-,2026-06-29 14:53:25
Seal of Strength #163,16.00,0.00,,2026-04-29 17:48:21
Seal of Strength #163,16.00,0.00,,2026-04-29 18:14:56
Seal of Strength #163,16.00,0.00,,2026-05-01 00:15:52
Seal of Strength #163,16.00,0.00,,2026-05-02 17:03:17
Seal of Strength #163,16.00,0.00,,2026-05-03 18:01:53
Seal of Strength #163,16.00,0.00,,2026-05-03 19:33:39
Seal of Strength #163,16.00,0.00,,2026-05-03 23:51:36
Seal of Strength #163,6.50,4.00,-,2026-06-29 14:53:25
Blitzcrank - Impassive #67,1.05,0.00,,2026-04-29 17:48:21
Blitzcrank - Impassive #67,1.05,0.00,,2026-04-29 18:14:56
Blitzcrank - Impassive #67,1.05,0.00,,2026-05-01 00:15:52
Blitzcrank - Impassive #67,1.05,0.00,,2026-05-02 17:03:17
Blitzcrank - Impassive #67,1.05,0.00,,2026-05-03 18:01:53
Blitzcrank - Impassive #67,1.05,0.00,,2026-05-03 19:33:39
Blitzcrank - Impassive #67,1.05,0.00,,2026-05-03 23:51:36
Blitzcrank - Impassive #67,1.00,0.00,,2026-06-29 14:53:25
Miss Fortune - Buccaneer #193,0.65,66.70,+,2026-04-29 17:48:21
Miss Fortune - Buccaneer #193,0.65,66.70,+,2026-04-29 18:14:56
Miss Fortune - Buccaneer #193,0.65,66.70,+,2026-05-01 00:15:52
Miss Fortune - Buccaneer #193,0.48,26.20,-,2026-05-02 17:03:17
Miss Fortune - Buccaneer #193,0.48,26.20,-,2026-05-03 18:01:53
Miss Fortune - Buccaneer #193,0.48,26.20,-,2026-05-03 19:33:39
Miss Fortune - Buccaneer #193,0.48,26.20,-,2026-05-03 23:51:36
Miss Fortune - Buccaneer #193,0.41,24.10,-,2026-06-29 14:53:25
Viktor - Innovator [Alternate Art] #117a,4.31,13.30,-,2026-04-29 17:48:21
Viktor - Innovator [Alternate Art] #117a,4.31,13.30,-,2026-04-29 18:14:56
Viktor - Innovator [Alternate Art] #117a,4.31,13.30,-,2026-05-01 00:15:52
Viktor - Innovator [Alternate Art] #117a,4.80,11.40,+,2026-05-02 17:03:17
Viktor - Innovator [Alternate Art] #117a,4.80,11.40,+,2026-05-03 18:01:53
Viktor - Innovator [Alternate Art] #117a,4.80,11.40,+,2026-05-03 19:33:39
Viktor - Innovator [Alternate Art] #117a,4.80,11.40,+,2026-05-03 23:51:36
Viktor - Innovator [Alternate Art] #117a,4.16,0.00,,2026-06-29 14:53:25
Nocturne - Horrifying #194,2.72,18.10,-,2026-04-29 17:48:21
Nocturne - Horrifying #194,2.72,18.10,-,2026-04-29 18:14:56
Nocturne - Horrifying #194,2.00,26.50,-,2026-05-01 00:15:52
Nocturne - Horrifying #194,2.00,26.50,-,2026-05-02 17:03:17
Nocturne - Horrifying #194,2.00,26.50,-,2026-05-03 18:01:53
Nocturne - Horrifying #194,2.00,26.50,-,2026-05-03 19:33:39
Nocturne - Horrifying #194,2.00,26.50,-,2026-05-03 23:51:36
Nocturne - Horrifying #194,1.67,10.20,-,2026-06-29 14:53:25
Viktor - Leader [Alternate Art] #246a,7.00,2.20,+,2026-04-29 17:48:21
Viktor - Leader [Alternate Art] #246a,7.00,2.20,+,2026-04-29 18:14:56
Viktor - Leader [Alternate Art] #246a,6.85,2.10,-,2026-05-01 00:15:52
Viktor - Leader [Alternate Art] #246a,6.85,2.10,-,2026-05-02 17:03:17
Viktor - Leader [Alternate Art] #246a,6.86,0.10,+,2026-05-03 18:01:53
Viktor - Leader [Alternate Art] #246a,6.86,0.10,+,2026-05-03 19:33:39
Viktor - Leader [Alternate Art] #246a,6.86,0.10,+,2026-05-03 23:51:36
Viktor - Leader [Alternate Art] #246a,2.72,9.20,+,2026-06-29 14:53:25
Tryndamere - Barbarian #34,0.49,29.00,-,2026-04-29 17:48:21
Tryndamere - Barbarian #34,0.49,29.00,-,2026-04-29 18:14:56
Tryndamere - Barbarian #34,0.41,16.30,-,2026-05-01 00:15:52
Tryndamere - Barbarian #34,0.41,16.30,-,2026-05-02 17:03:17
Tryndamere - Barbarian #34,0.41,16.30,-,2026-05-03 18:01:53
Tryndamere - Barbarian #34,0.41,16.30,-,2026-05-03 19:33:39
Tryndamere - Barbarian #34,0.41,16.30,-,2026-05-03 23:51:36
Tryndamere - Barbarian #34,0.18,28.00,-,2026-06-29 14:53:25
Champion Deck: Jinx,15.63,14.00,-,2026-04-29 17:48:21
Champion Deck: Jinx,15.63,14.00,-,2026-04-29 18:14:56
Champion Deck: Jinx,15.63,14.00,-,2026-05-01 00:15:52
Champion Deck: Jinx,24.63,57.60,+,2026-05-02 17:03:17
Champion Deck: Jinx,24.63,57.60,+,2026-05-03 18:01:54
Champion Deck: Jinx,24.63,57.60,+,2026-05-03 19:33:39
Champion Deck: Jinx,24.63,57.60,+,2026-05-03 23:51:36
Champion Deck: Jinx,20.89,0.20,+,2026-06-29 14:53:25
Solari Shrine #72,0.23,14.80,-,2026-04-29 17:48:21
Solari Shrine #72,0.23,14.80,-,2026-04-29 18:14:56
Solari Shrine #72,0.23,0.00,,2026-05-01 00:15:52
Solari Shrine #72,0.23,0.00,,2026-05-02 17:03:17
Solari Shrine #72,0.23,0.00,,2026-05-03 18:01:54
Solari Shrine #72,0.23,0.00,,2026-05-03 19:33:39
Solari Shrine #72,0.23,0.00,,2026-05-03 23:51:36
Solari Shrine #72,0.20,16.70,-,2026-06-29 14:53:25
Seal of Focus #81,24.99,0.00,,2026-04-29 17:48:21
Seal of Focus #81,24.99,0.00,,2026-04-29 18:14:56
Seal of Focus #81,24.99,0.00,,2026-05-01 00:15:52
Seal of Focus #81,24.17,3.30,-,2026-05-02 17:03:17
Seal of Focus #81,24.17,3.30,-,2026-05-03 18:01:54
Seal of Focus #81,24.17,3.30,-,2026-05-03 19:33:39
Seal of Focus #81,24.17,3.30,-,2026-05-03 23:51:36
Seal of Focus #81,9.67,1.20,-,2026-06-29 14:53:25
Twisted Fate - Gambler #200,0.30,34.80,-,2026-04-29 17:48:21
Twisted Fate - Gambler #200,0.30,34.80,-,2026-04-29 18:14:56
Twisted Fate - Gambler #200,0.29,3.30,-,2026-05-01 00:15:52
Twisted Fate - Gambler #200,0.29,3.30,-,2026-05-02 17:03:17
Twisted Fate - Gambler #200,0.29,3.30,-,2026-05-03 18:01:54
Twisted Fate - Gambler #200,0.29,3.30,-,2026-05-03 19:33:39
Twisted Fate - Gambler #200,0.29,3.30,-,2026-05-03 23:51:36
Twisted Fate - Gambler #200,0.49,2.00,-,2026-06-29 14:53:25
Kai'Sa - Evolutionary [Alternate Art] #112a,8.57,1.60,-,2026-04-29 17:48:21
Kai'Sa - Evolutionary [Alternate Art] #112a,8.57,1.60,-,2026-04-29 18:14:56
Kai'Sa - Evolutionary [Alternate Art] #112a,9.25,7.90,+,2026-05-01 00:15:52
Kai'Sa - Evolutionary [Alternate Art] #112a,9.25,7.90,+,2026-05-02 17:03:17
Kai'Sa - Evolutionary [Alternate Art] #112a,9.25,7.90,+,2026-05-03 18:01:54
Kai'Sa - Evolutionary [Alternate Art] #112a,9.25,7.90,+,2026-05-03 19:33:39
Kai'Sa - Evolutionary [Alternate Art] #112a,9.25,7.90,+,2026-05-03 23:51:36
Kai'Sa - Evolutionary [Alternate Art] #112a,3.36,0.90,+,2026-06-29 14:53:25
Commander Ledros #231,0.47,0.00,,2026-04-29 17:48:21
Commander Ledros #231,0.47,0.00,,2026-04-29 18:14:56
Commander Ledros #231,0.47,0.00,,2026-05-01 00:15:52
Commander Ledros #231,0.43,8.50,-,2026-05-02 17:03:17
Commander Ledros #231,0.43,8.50,-,2026-05-03 18:01:54
Commander Ledros #231,0.43,8.50,-,2026-05-03 19:33:39
Commander Ledros #231,0.43,8.50,-,2026-05-03 23:51:36
Commander Ledros #231,0.25,3.80,-,2026-06-29 14:53:25
Sabotage #156,8.68,13.20,-,2026-04-29 17:48:21
Sabotage #156,8.68,13.20,-,2026-04-29 18:14:56
Sabotage #156,8.68,13.20,-,2026-05-01 00:15:52
Sabotage #156,8.68,0.00,,2026-05-02 17:03:17
Sabotage #156,8.68,0.00,,2026-05-03 18:01:54
Sabotage #156,8.68,0.00,,2026-05-03 19:33:39
Sabotage #156,8.68,0.00,,2026-05-03 23:51:36
Sabotage #156,11.87,1.60,+,2026-06-29 14:53:25
Guerilla Warfare #264,6.78,3.50,+,2026-04-29 17:48:21
Guerilla Warfare #264,6.78,3.50,+,2026-04-29 18:14:56
Guerilla Warfare #264,6.99,3.10,+,2026-05-01 00:15:52
Guerilla Warfare #264,6.50,7.00,-,2026-05-02 17:03:17
Guerilla Warfare #264,6.50,7.00,-,2026-05-03 18:01:54
Guerilla Warfare #264,6.50,7.00,-,2026-05-03 19:33:39
Guerilla Warfare #264,6.50,7.00,-,2026-05-03 23:51:36
Guerilla Warfare #264,6.99,15.20,-,2026-06-29 14:53:25
Volibear - Furious #41,3.19,0.00,,2026-04-29 17:48:21
Volibear - Furious #41,3.19,0.00,,2026-04-29 18:14:56
Volibear - Furious #41,3.19,0.00,,2026-05-01 00:15:52
Volibear - Furious #41,3.06,4.10,-,2026-05-02 17:03:17
Volibear - Furious #41,3.06,4.10,-,2026-05-03 18:01:54
Volibear - Furious #41,3.06,4.10,-,2026-05-03 19:33:39
Volibear - Furious #41,3.06,4.10,-,2026-05-03 23:51:36
Volibear - Furious #41,2.49,13.20,+,2026-06-29 14:53:25
Sprite Mother [Foil] #106,2.46,0.00,,2026-04-29 17:48:21
Sprite Mother [Foil] #106,2.46,0.00,,2026-04-29 18:14:56
Sprite Mother [Foil] #106,2.46,0.00,,2026-05-01 00:15:52
Sprite Mother [Foil] #106,2.46,0.00,,2026-05-02 17:03:17
Sprite Mother [Foil] #106,2.46,0.00,,2026-05-03 18:01:54
Sprite Mother [Foil] #106,2.46,0.00,,2026-05-03 19:33:39
Sprite Mother [Foil] #106,2.46,0.00,,2026-05-03 23:51:36
Sprite Mother [Foil] #106,2.49,0.00,,2026-06-29 14:53:25
Soulgorger #196,0.41,0.00,,2026-04-29 17:48:21
Soulgorger #196,0.41,0.00,,2026-04-29 18:14:56
Soulgorger #196,0.41,0.00,,2026-05-01 00:15:52
Soulgorger #196,0.41,0.00,,2026-05-02 17:03:17
Soulgorger #196,0.52,26.80,+,2026-05-03 18:01:54
Soulgorger #196,0.52,26.80,+,2026-05-03 19:33:39
Soulgorger #196,0.52,26.80,+,2026-05-03 23:51:36
Soulgorger #196,0.34,33.30,-,2026-06-29 14:53:25
Leona - Determined [Alternate Art] #238a,5.82,1.00,-,2026-04-29 17:48:21
Leona - Determined [Alternate Art] #238a,5.82,1.00,-,2026-04-29 18:14:56
Leona - Determined [Alternate Art] #238a,5.82,1.00,-,2026-05-01 00:15:52
Leona - Determined [Alternate Art] #238a,5.30,8.90,-,2026-05-02 17:03:17
Leona - Determined [Alternate Art] #238a,5.30,8.90,-,2026-05-03 18:01:54
Leona - Determined [Alternate Art] #238a,5.30,8.90,-,2026-05-03 19:33:39
Leona - Determined [Alternate Art] #238a,5.30,8.90,-,2026-05-03 23:51:36
Leona - Determined [Alternate Art] #238a,3.41,1.50,+,2026-06-29 14:53:25
Stormbringer #250,8.46,15.30,-,2026-04-29 17:48:21
Stormbringer #250,8.46,15.30,-,2026-04-29 18:14:56
Stormbringer #250,8.46,15.30,-,2026-05-01 00:15:52
Stormbringer #250,8.23,2.70,-,2026-05-02 17:03:17
Stormbringer #250,8.23,2.70,-,2026-05-03 18:01:54
Stormbringer #250,8.23,2.70,-,2026-05-03 19:33:39
Stormbringer #250,8.23,2.70,-,2026-05-03 23:51:36
Stormbringer #250,4.70,8.20,-,2026-06-29 14:53:25
Leona - Zealot #79,4.28,0.00,,2026-04-29 17:48:21
Leona - Zealot #79,4.28,0.00,,2026-04-29 18:14:56
Leona - Zealot #79,4.28,0.00,,2026-05-01 00:15:52
Leona - Zealot #79,4.28,0.00,,2026-05-02 17:03:17
Leona - Zealot #79,4.28,0.00,,2026-05-03 18:01:54
Leona - Zealot #79,4.28,0.00,,2026-05-03 19:33:39
Leona - Zealot #79,4.28,0.00,,2026-05-03 23:51:36
Leona - Zealot #79,2.38,4.80,-,2026-06-29 14:53:25
Ava Achiever #107,0.51,24.40,+,2026-04-29 17:48:21
Ava Achiever #107,0.51,24.40,+,2026-04-29 18:14:56
Ava Achiever #107,0.51,24.40,+,2026-05-01 00:15:52
Ava Achiever #107,0.35,31.40,-,2026-05-02 17:03:17
Ava Achiever #107,0.35,31.40,-,2026-05-03 18:01:54
Ava Achiever #107,0.35,31.40,-,2026-05-03 19:33:39
Ava Achiever #107,0.35,31.40,-,2026-05-03 23:51:36
Ava Achiever #107,0.25,3.80,-,2026-06-29 14:53:25
Anivia - Primal #148,0.53,8.60,-,2026-04-29 17:48:21
Anivia - Primal #148,0.53,8.60,-,2026-04-29 18:14:56
Anivia - Primal #148,0.53,8.60,-,2026-05-01 00:15:52
Anivia - Primal #148,0.53,8.60,-,2026-05-02 17:03:17
Anivia - Primal #148,0.60,13.20,+,2026-05-03 18:01:54
Anivia - Primal #148,0.60,13.20,+,2026-05-03 19:33:39
Anivia - Primal #148,0.60,13.20,+,2026-05-03 23:51:36
Anivia - Primal #148,0.49,18.30,-,2026-06-29 14:53:25
Ekko - Recurrent #110,1.54,2.50,-,2026-04-29 17:48:21
Ekko - Recurrent #110,1.54,2.50,-,2026-04-29 18:14:56
Ekko - Recurrent #110,1.54,2.50,-,2026-05-01 00:15:52
Ekko - Recurrent #110,1.54,2.50,-,2026-05-02 17:03:17
Ekko - Recurrent #110,1.54,0.00,,2026-05-03 18:01:54
Ekko - Recurrent #110,1.54,0.00,,2026-05-03 19:33:39
Ekko - Recurrent #110,1.54,0.00,,2026-05-03 23:51:36
Ekko - Recurrent #110,1.60,4.80,-,2026-06-29 14:53:25
Convergent Mutation #108,0.26,0.00,,2026-04-29 17:48:21
Convergent Mutation #108,0.26,0.00,,2026-04-29 18:14:56
Convergent Mutation #108,0.26,0.00,,2026-05-01 00:15:52
Convergent Mutation #108,0.26,0.00,,2026-05-02 17:03:17
Convergent Mutation #108,0.26,0.00,,2026-05-03 18:01:54
Convergent Mutation #108,0.26,0.00,,2026-05-03 19:33:39
Convergent Mutation #108,0.26,0.00,,2026-05-03 23:51:36
Convergent Mutation #108,0.19,17.40,-,2026-06-29 14:53:25
Seal of Insight #120,22.00,9.90,-,2026-04-29 17:48:21
Seal of Insight #120,22.00,9.90,-,2026-04-29 18:14:56
Seal of Insight #120,22.00,9.90,-,2026-05-01 00:15:52
Seal of Insight #120,20.05,8.90,-,2026-05-02 17:03:17
Seal of Insight #120,20.05,8.90,-,2026-05-03 18:01:54
Seal of Insight #120,20.05,8.90,-,2026-05-03 19:33:39
Seal of Insight #120,20.05,8.90,-,2026-05-03 23:51:36
Seal of Insight #120,9.00,2.60,-,2026-06-29 14:53:25
Carnivorous Snapvine #149,0.75,17.60,-,2026-04-29 17:48:21
Carnivorous Snapvine #149,0.75,17.60,-,2026-04-29 18:14:56
Carnivorous Snapvine #149,0.75,17.60,-,2026-05-01 00:15:52
Carnivorous Snapvine #149,0.62,17.30,-,2026-05-02 17:03:17
Carnivorous Snapvine #149,0.62,17.30,-,2026-05-03 18:01:54
Carnivorous Snapvine #149,0.62,17.30,-,2026-05-03 19:33:39
Carnivorous Snapvine #149,0.62,17.30,-,2026-05-03 23:51:36
Carnivorous Snapvine #149,0.50,35.10,-,2026-06-29 14:53:25
Volibear - Imposing #158,0.50,13.80,-,2026-04-29 17:48:21
Volibear - Imposing #158,0.50,13.80,-,2026-04-29 18:14:56
Volibear - Imposing #158,0.50,13.80,-,2026-05-01 00:15:52
Volibear - Imposing #158,0.53,6.00,+,2026-05-02 17:03:17
Volibear - Imposing #158,0.53,6.00,+,2026-05-03 18:01:54
Volibear - Imposing #158,0.53,6.00,+,2026-05-03 19:33:39
Volibear - Imposing #158,0.53,6.00,+,2026-05-03 23:51:36
Volibear - Imposing #158,0.28,3.70,+,2026-06-29 14:53:26
Yasuo - Remorseful #76,0.88,11.10,-,2026-04-29 17:48:21
Yasuo - Remorseful #76,0.88,11.10,-,2026-04-29 18:14:56
Yasuo - Remorseful #76,0.72,18.20,-,2026-05-01 00:15:52
Yasuo - Remorseful #76,0.72,18.20,-,2026-05-02 17:03:17
Yasuo - Remorseful #76,0.72,18.20,-,2026-05-03 18:01:54
Yasuo - Remorseful #76,0.72,18.20,-,2026-05-03 19:33:39
Yasuo - Remorseful #76,0.72,18.20,-,2026-05-03 23:51:36
Yasuo - Remorseful #76,0.39,33.90,-,2026-06-29 14:53:26
Promising Future #115,0.29,0.00,,2026-04-29 17:48:21
Promising Future #115,0.29,0.00,,2026-04-29 18:14:56
Promising Future #115,0.25,13.80,-,2026-05-01 00:15:52
Promising Future #115,0.25,13.80,-,2026-05-02 17:03:17
Promising Future #115,0.25,0.00,,2026-05-03 18:01:54
Promising Future #115,0.25,0.00,,2026-05-03 19:33:39
Promising Future #115,0.25,0.00,,2026-05-03 23:51:36
Promising Future #115,0.32,10.30,+,2026-06-29 14:53:26
Grand Strategem #233,1.00,3.10,+,2026-04-29 17:48:21
Grand Strategem #233,1.00,3.10,+,2026-04-29 18:14:56
Grand Strategem #233,1.00,3.10,+,2026-05-01 00:15:52
Grand Strategem #233,0.93,7.00,-,2026-05-02 17:03:17
Grand Strategem #233,0.93,7.00,-,2026-05-03 18:01:54
Grand Strategem #233,0.93,7.00,-,2026-05-03 19:33:39
Grand Strategem #233,0.93,7.00,-,2026-05-03 23:51:36
Grand Strategem #233,0.56,25.30,-,2026-06-29 14:53:26
Malzahar - Fanatic #113,0.46,34.30,-,2026-04-29 17:48:22
Malzahar - Fanatic #113,0.46,34.30,-,2026-04-29 18:14:57
Malzahar - Fanatic #113,0.46,34.30,-,2026-05-01 00:15:52
Malzahar - Fanatic #113,0.73,58.70,+,2026-05-02 17:03:18
Malzahar - Fanatic #113,0.73,58.70,+,2026-05-03 18:01:54
Malzahar - Fanatic #113,0.73,58.70,+,2026-05-03 19:33:39
Malzahar - Fanatic #113,0.73,58.70,+,2026-05-03 23:51:36
Malzahar - Fanatic #113,0.48,0.00,,2026-06-29 14:53:26
Darius - Executioner #243,2.00,0.50,-,2026-04-29 17:48:22
Darius - Executioner #243,2.00,0.50,-,2026-04-29 18:14:57
Darius - Executioner #243,2.00,0.50,-,2026-05-01 00:15:52
Darius - Executioner #243,2.00,0.50,-,2026-05-02 17:03:18
Darius - Executioner #243,2.00,0.50,-,2026-05-03 18:01:54
Darius - Executioner #243,2.00,0.50,-,2026-05-03 19:33:39
Darius - Executioner #243,2.00,0.50,-,2026-05-03 23:51:36
Darius - Executioner #243,1.10,12.00,-,2026-06-29 14:53:26
Tasty Faefolk #75,1.77,9.70,-,2026-04-29 17:48:22
Tasty Faefolk #75,1.77,9.70,-,2026-04-29 18:14:57
Tasty Faefolk #75,1.77,9.70,-,2026-05-01 00:15:52
Tasty Faefolk #75,1.35,23.70,-,2026-05-02 17:03:18
Tasty Faefolk #75,1.35,23.70,-,2026-05-03 18:01:54
Tasty Faefolk #75,1.35,23.70,-,2026-05-03 19:33:39
Tasty Faefolk #75,1.35,23.70,-,2026-05-03 23:51:36
Tasty Faefolk #75,1.22,0.00,,2026-06-29 14:53:26
Udyr - Wildman #157,0.25,7.40,-,2026-04-29 17:48:22
Udyr - Wildman #157,0.25,7.40,-,2026-04-29 18:14:57
Udyr - Wildman #157,0.25,7.40,-,2026-05-01 00:15:52
Udyr - Wildman #157,0.23,8.00,-,2026-05-02 17:03:18
Udyr - Wildman #157,0.23,8.00,-,2026-05-03 18:01:54
Udyr - Wildman #157,0.23,8.00,-,2026-05-03 19:33:39
Udyr - Wildman #157,0.23,8.00,-,2026-05-03 23:51:36
Udyr - Wildman #157,0.26,23.80,+,2026-06-29 14:53:26
Cruel Patron [Foil] #208,0.67,0.00,,2026-04-29 17:48:22
Cruel Patron [Foil] #208,0.67,0.00,,2026-04-29 18:14:57
Cruel Patron [Foil] #208,0.67,0.00,,2026-05-01 00:15:52
Cruel Patron [Foil] #208,0.67,0.00,,2026-05-02 17:03:18
Cruel Patron [Foil] #208,0.67,0.00,,2026-05-03 18:01:54
Cruel Patron [Foil] #208,0.67,0.00,,2026-05-03 19:33:39
Cruel Patron [Foil] #208,0.67,0.00,,2026-05-03 23:51:36
Cruel Patron [Foil] #208,1.38,0.00,,2026-06-29 14:53:26
Progress Day #114,1.02,1.00,+,2026-04-29 17:48:22
Progress Day #114,1.02,1.00,+,2026-04-29 18:14:57
Progress Day #114,1.02,1.00,+,2026-05-01 00:15:52
Progress Day #114,1.00,2.00,-,2026-05-02 17:03:18
Progress Day #114,1.00,2.00,-,2026-05-03 18:01:54
Progress Day #114,1.00,2.00,-,2026-05-03 19:33:39
Progress Day #114,1.00,2.00,-,2026-05-03 23:51:36
Progress Day #114,0.95,8.70,-,2026-06-29 14:53:26
Primal Strength #154,0.87,74.00,+,2026-04-29 17:48:22
Primal Strength #154,0.87,74.00,+,2026-04-29 18:14:57
Primal Strength #154,0.87,74.00,+,2026-05-01 00:15:52
Primal Strength #154,0.87,74.00,+,2026-05-02 17:03:18
Primal Strength #154,0.87,74.00,+,2026-05-03 18:01:54
Primal Strength #154,0.87,74.00,+,2026-05-03 19:33:39
Primal Strength #154,0.87,74.00,+,2026-05-03 23:51:36
Primal Strength #154,0.61,22.00,+,2026-06-29 14:53:26
Yasuo - Windrider #205,4.56,0.00,,2026-04-29 17:48:22
Yasuo - Windrider #205,4.56,0.00,,2026-04-29 18:14:57
Yasuo - Windrider #205,4.56,0.00,,2026-05-01 00:15:52
Yasuo - Windrider #205,4.56,0.00,,2026-05-02 17:03:18
Yasuo - Windrider #205,4.56,0.00,,2026-05-03 18:01:54
Yasuo - Windrider #205,4.56,0.00,,2026-05-03 19:33:39
Yasuo - Windrider #205,4.56,0.00,,2026-05-03 23:51:36
Yasuo - Windrider #205,2.67,4.00,-,2026-06-29 14:53:26
Karthus - Eternal #236,6.00,14.20,-,2026-04-29 17:48:22
Karthus - Eternal #236,6.00,14.20,-,2026-04-29 18:14:57
Karthus - Eternal #236,6.00,14.20,-,2026-05-01 00:15:52
Karthus - Eternal #236,6.00,14.20,-,2026-05-02 17:03:18
Karthus - Eternal #236,5.49,8.50,-,2026-05-03 18:01:54
Karthus - Eternal #236,5.49,8.50,-,2026-05-03 19:33:39
Karthus - Eternal #236,5.49,8.50,-,2026-05-03 23:51:36
Karthus - Eternal #236,3.52,1.40,-,2026-06-29 14:53:25
Confront #129,0.19,17.40,-,2026-04-29 17:48:22
Confront #129,0.19,17.40,-,2026-04-29 18:14:57
Confront #129,0.19,17.40,-,2026-05-01 00:15:52
Confront #129,0.40,110.50,+,2026-05-02 17:03:18
Confront #129,0.40,110.50,+,2026-05-03 18:01:54
Confront #129,0.40,110.50,+,2026-05-03 19:33:39
Confront #129,0.40,110.50,+,2026-05-03 23:51:36
Confront #129,0.17,26.10,-,2026-06-29 14:53:26
Lee Sin - Centered #151,0.27,17.40,+,2026-04-29 17:48:22
Lee Sin - Centered #151,0.27,17.40,+,2026-04-29 18:14:57
Lee Sin - Centered #151,0.27,17.40,+,2026-05-01 00:15:52
Lee Sin - Centered #151,0.25,7.40,-,2026-05-02 17:03:18
Lee Sin - Centered #151,0.25,7.40,-,2026-05-03 18:01:54
Lee Sin - Centered #151,0.25,7.40,-,2026-05-03 19:33:39
Lee Sin - Centered #151,0.25,7.40,-,2026-05-03 23:51:36
Lee Sin - Centered #151,0.21,8.70,-,2026-06-29 14:53:26
Sett - Kingpin [Alternate Art] #240a,2.00,16.70,-,2026-04-29 17:48:22
Sett - Kingpin [Alternate Art] #240a,2.00,16.70,-,2026-04-29 18:14:57
Sett - Kingpin [Alternate Art] #240a,2.05,2.50,+,2026-05-01 00:15:52
Sett - Kingpin [Alternate Art] #240a,2.05,2.50,+,2026-05-02 17:03:18
Sett - Kingpin [Alternate Art] #240a,2.05,2.50,+,2026-05-03 18:01:54
Sett - Kingpin [Alternate Art] #240a,2.05,2.50,+,2026-05-03 19:33:39
Sett - Kingpin [Alternate Art] #240a,2.05,2.50,+,2026-05-03 23:51:36
Sett - Kingpin [Alternate Art] #240a,1.50,19.40,-,2026-06-29 14:53:26
Last Stand #69,0.29,23.70,-,2026-04-29 17:48:22
Last Stand #69,0.29,23.70,-,2026-04-29 18:14:57
Last Stand #69,0.29,23.70,-,2026-05-01 00:15:52
Last Stand #69,0.31,6.90,+,2026-05-02 17:03:18
Last Stand #69,0.31,6.90,+,2026-05-03 18:01:54
Last Stand #69,0.31,6.90,+,2026-05-03 19:33:39
Last Stand #69,0.31,6.90,+,2026-05-03 23:51:36
Last Stand #69,0.24,14.30,-,2026-06-29 14:53:26
Divine Judgment #244,8.28,4.30,-,2026-04-29 17:48:22
Divine Judgment #244,8.28,4.30,-,2026-04-29 18:14:57
Divine Judgment #244,8.28,4.30,-,2026-05-01 00:15:52
Divine Judgment #244,8.00,3.40,-,2026-05-02 17:03:18
Divine Judgment #244,8.00,3.40,-,2026-05-03 18:01:54
Divine Judgment #244,8.00,3.40,-,2026-05-03 19:33:39
Divine Judgment #244,8.00,3.40,-,2026-05-03 23:51:36
Divine Judgment #244,3.47,12.40,-,2026-06-29 14:53:26
Yasuo - Remorseful [Alternate Art] #76a,4.43,3.10,-,2026-04-29 17:48:22
Yasuo - Remorseful [Alternate Art] #76a,4.43,3.10,-,2026-04-29 18:14:57
Yasuo - Remorseful [Alternate Art] #76a,4.43,3.10,-,2026-05-01 00:15:52
Yasuo - Remorseful [Alternate Art] #76a,4.45,0.50,+,2026-05-02 17:03:18
Yasuo - Remorseful [Alternate Art] #76a,4.45,0.50,+,2026-05-03 18:01:54
Yasuo - Remorseful [Alternate Art] #76a,4.45,0.50,+,2026-05-03 19:33:39
Yasuo - Remorseful [Alternate Art] #76a,4.45,0.50,+,2026-05-03 23:51:36
Yasuo - Remorseful [Alternate Art] #76a,2.97,0.00,,2026-06-29 14:53:26
Mystic Poro #171,0.14,0.00,,2026-04-29 17:48:22
Mystic Poro #171,0.14,0.00,,2026-04-29 18:14:57
Mystic Poro #171,0.14,0.00,,2026-05-01 00:15:52
Mystic Poro #171,0.14,0.00,,2026-05-02 17:03:18
Mystic Poro #171,0.20,42.90,+,2026-05-03 18:01:54
Mystic Poro #171,0.20,42.90,+,2026-05-03 19:33:39
Mystic Poro #171,0.20,42.90,+,2026-05-03 23:51:36
Mystic Poro #171,0.25,0.00,,2026-06-29 14:53:26
Stupefy [Foil] #95,1.06,1.90,+,2026-04-29 17:48:22
Stupefy [Foil] #95,1.06,1.90,+,2026-04-29 18:14:57
Stupefy [Foil] #95,1.06,0.00,,2026-05-01 00:15:52
Stupefy [Foil] #95,1.06,0.00,,2026-05-02 17:03:18
Stupefy [Foil] #95,1.06,0.00,,2026-05-03 18:01:54
Stupefy [Foil] #95,1.06,0.00,,2026-05-03 19:33:39
Stupefy [Foil] #95,1.06,0.00,,2026-05-03 23:51:36
Stupefy [Foil] #95,1.50,0.00,,2026-06-29 14:53:26
Body Rune #126,0.13,8.30,+,2026-04-29 17:48:22
Body Rune #126,0.13,8.30,+,2026-04-29 18:14:57
Body Rune #126,0.13,8.30,+,2026-05-01 00:15:52
Body Rune #126,0.13,8.30,+,2026-05-02 17:03:18
Body Rune #126,0.13,8.30,+,2026-05-03 18:01:54
Body Rune #126,0.13,8.30,+,2026-05-03 19:33:39
Body Rune #126,0.13,8.30,+,2026-05-03 23:51:36
Body Rune #126,0.13,8.30,+,2026-06-29 14:53:26
Challenge [Foil] #128,1.92,0.00,,2026-04-29 17:48:22
Challenge [Foil] #128,1.92,0.00,,2026-04-29 18:14:57
Challenge [Foil] #128,1.92,0.00,,2026-05-01 00:15:52
Challenge [Foil] #128,1.92,0.00,,2026-05-02 17:03:18
Challenge [Foil] #128,1.92,0.00,,2026-05-03 18:01:54
Challenge [Foil] #128,1.92,0.00,,2026-05-03 19:33:39
Challenge [Foil] #128,1.92,0.00,,2026-05-03 23:51:36
Challenge [Foil] #128,2.00,0.00,,2026-06-29 14:53:26
Flurry of Blades [Foil] #133,0.55,0.00,,2026-04-29 17:48:22
Flurry of Blades [Foil] #133,0.55,0.00,,2026-04-29 18:14:57
Flurry of Blades [Foil] #133,0.55,0.00,,2026-05-01 00:15:52
Flurry of Blades [Foil] #133,0.55,0.00,,2026-05-02 17:03:18
Flurry of Blades [Foil] #133,0.81,47.30,+,2026-05-03 18:01:54
Flurry of Blades [Foil] #133,0.81,47.30,+,2026-05-03 19:33:39
Flurry of Blades [Foil] #133,0.81,47.30,+,2026-05-03 23:51:36
Flurry of Blades [Foil] #133,0.93,4.50,+,2026-06-29 14:53:26
Kog'Maw - Caustic #190,0.50,0.00,,2026-04-29 17:48:22
Kog'Maw - Caustic #190,0.50,0.00,,2026-04-29 18:14:57
Kog'Maw - Caustic #190,0.45,10.00,-,2026-05-01 00:15:52
Kog'Maw - Caustic #190,0.45,10.00,-,2026-05-02 17:03:18
Kog'Maw - Caustic #190,0.45,10.00,-,2026-05-03 18:01:54
Kog'Maw - Caustic #190,0.45,10.00,-,2026-05-03 19:33:39
Kog'Maw - Caustic #190,0.45,10.00,-,2026-05-03 23:51:36
Kog'Maw - Caustic #190,0.34,15.00,-,2026-06-29 14:53:26
Tideturner #199,1.92,28.00,+,2026-04-29 17:48:22
Tideturner #199,1.92,28.00,+,2026-04-29 18:14:57
Tideturner #199,1.92,28.00,+,2026-05-01 00:15:52
Tideturner #199,1.59,17.20,-,2026-05-02 17:03:18
Tideturner #199,1.59,17.20,-,2026-05-03 18:01:54
Tideturner #199,1.59,17.20,-,2026-05-03 19:33:39
Tideturner #199,1.59,17.20,-,2026-05-03 23:51:36
Tideturner #199,3.00,0.00,,2026-06-29 14:53:26
Raging Firebrand #31,0.25,7.40,-,2026-04-29 17:48:22
Raging Firebrand #31,0.25,7.40,-,2026-04-29 18:14:57
Raging Firebrand #31,0.25,0.00,,2026-05-01 00:15:52
Raging Firebrand #31,0.25,0.00,,2026-05-02 17:03:18
Raging Firebrand #31,0.25,0.00,,2026-05-03 18:01:54
Raging Firebrand #31,0.25,0.00,,2026-05-03 19:33:39
Raging Firebrand #31,0.25,0.00,,2026-05-03 23:51:36
Raging Firebrand #31,0.21,19.20,-,2026-06-29 14:53:26
Mageseeker Warden #70,0.36,9.10,+,2026-04-29 17:48:22
Mageseeker Warden #70,0.36,9.10,+,2026-04-29 18:14:57
Mageseeker Warden #70,0.36,9.10,+,2026-05-01 00:15:52
Mageseeker Warden #70,0.36,9.10,+,2026-05-02 17:03:18
Mageseeker Warden #70,0.36,9.10,+,2026-05-03 18:01:54
Mageseeker Warden #70,0.36,9.10,+,2026-05-03 19:33:39
Mageseeker Warden #70,0.36,9.10,+,2026-05-03 23:51:36
Mageseeker Warden #70,0.25,0.00,,2026-06-29 14:53:26
Heimerdinger - Inventor #111,0.77,22.20,-,2026-04-29 17:48:22
Heimerdinger - Inventor #111,0.77,22.20,-,2026-04-29 18:14:57
Heimerdinger - Inventor #111,0.79,2.60,+,2026-05-01 00:15:52
Heimerdinger - Inventor #111,0.79,2.60,+,2026-05-02 17:03:18
Heimerdinger - Inventor #111,0.79,2.60,+,2026-05-03 18:01:54
Heimerdinger - Inventor #111,0.79,2.60,+,2026-05-03 19:33:39
Heimerdinger - Inventor #111,0.79,2.60,+,2026-05-03 23:51:36
Heimerdinger - Inventor #111,0.44,7.30,+,2026-06-29 14:53:26
Sett - Kingpin #240,0.86,16.20,+,2026-04-29 17:48:22
Sett - Kingpin #240,0.86,16.20,+,2026-04-29 18:14:57
Sett - Kingpin #240,0.86,16.20,+,2026-05-01 00:15:52
Sett - Kingpin #240,0.86,16.20,+,2026-05-02 17:03:18
Sett - Kingpin #240,0.53,38.40,-,2026-05-03 18:01:54
Sett - Kingpin #240,0.53,38.40,-,2026-05-03 19:33:39
Sett - Kingpin #240,0.53,38.40,-,2026-05-03 23:51:36
Sett - Kingpin #240,0.50,0.00,,2026-06-29 14:53:26
Sona - Harmonious #73,5.38,0.00,,2026-04-29 17:48:22
Sona - Harmonious #73,5.38,0.00,,2026-04-29 18:14:57
Sona - Harmonious #73,4.65,13.60,-,2026-05-01 00:15:52
Sona - Harmonious #73,4.65,13.60,-,2026-05-02 17:03:18
Sona - Harmonious #73,4.65,0.00,,2026-05-03 18:01:54
Sona - Harmonious #73,4.65,0.00,,2026-05-03 19:33:39
Sona - Harmonious #73,4.65,0.00,,2026-05-03 23:51:36
Sona - Harmonious #73,8.20,6.30,-,2026-06-29 14:53:25
Mind Rune #89,0.19,9.50,-,2026-04-29 17:48:22
Mind Rune #89,0.19,9.50,-,2026-04-29 18:14:57
Mind Rune #89,0.19,9.50,-,2026-05-01 00:15:52
Mind Rune #89,0.19,9.50,-,2026-05-02 17:03:18
Mind Rune #89,0.19,9.50,-,2026-05-03 18:01:54
Mind Rune #89,0.19,9.50,-,2026-05-03 19:33:39
Mind Rune #89,0.19,9.50,-,2026-05-03 23:51:36
Mind Rune #89,0.19,17.40,-,2026-06-29 14:53:26
Shen - Kinkou #241,1.62,0.00,,2026-04-29 17:48:22
Shen - Kinkou #241,1.62,0.00,,2026-04-29 18:14:57
Shen - Kinkou #241,1.27,21.60,-,2026-05-01 00:15:52
Shen - Kinkou #241,1.27,21.60,-,2026-05-02 17:03:18
Shen - Kinkou #241,1.24,2.40,-,2026-05-03 18:01:54
Shen - Kinkou #241,1.24,2.40,-,2026-05-03 19:33:39
Shen - Kinkou #241,1.24,2.40,-,2026-05-03 23:51:36
Shen - Kinkou #241,1.37,0.00,,2026-06-29 14:53:25
Altar to Unity [Foil] #275,0.38,0.00,,2026-04-29 17:48:22
Altar to Unity [Foil] #275,0.38,0.00,,2026-04-29 18:14:57
Altar to Unity [Foil] #275,0.38,0.00,,2026-05-01 00:15:52
Altar to Unity [Foil] #275,0.38,0.00,,2026-05-02 17:03:18
Altar to Unity [Foil] #275,0.38,0.00,,2026-05-03 18:01:54
Altar to Unity [Foil] #275,0.38,0.00,,2026-05-03 19:33:39
Altar to Unity [Foil] #275,0.38,0.00,,2026-05-03 23:51:37
Altar to Unity [Foil] #275,0.46,0.00,,2026-06-29 14:53:26
Wraith of Echoes #118,0.33,26.70,-,2026-04-29 17:48:22
Wraith of Echoes #118,0.33,26.70,-,2026-04-29 18:14:57
Wraith of Echoes #118,0.33,26.70,-,2026-05-01 00:15:52
Wraith of Echoes #118,0.33,26.70,-,2026-05-02 17:03:18
Wraith of Echoes #118,0.33,26.70,-,2026-05-03 18:01:54
Wraith of Echoes #118,0.33,26.70,-,2026-05-03 19:33:39
Wraith of Echoes #118,0.33,26.70,-,2026-05-03 23:51:37
Wraith of Echoes #118,0.20,11.10,+,2026-06-29 14:53:26
Possession #203,4.00,20.00,-,2026-04-29 17:48:22
Possession #203,4.00,20.00,-,2026-04-29 18:14:57
Possession #203,4.00,20.00,-,2026-05-01 00:15:52
Possession #203,4.00,0.00,,2026-05-02 17:03:18
Possession #203,4.00,0.00,,2026-05-03 18:01:54
Possession #203,4.00,0.00,,2026-05-03 19:33:39
Possession #203,4.00,0.00,,2026-05-03 23:51:37
Possession #203,1.40,2.20,+,2026-06-29 14:53:26
Noxian Guillotine #254,2.78,33.70,+,2026-04-29 17:48:22
Noxian Guillotine #254,2.78,33.70,+,2026-04-29 18:14:57
Noxian Guillotine #254,2.78,33.70,+,2026-05-01 00:15:52
Noxian Guillotine #254,2.25,19.10,-,2026-05-02 17:03:18
Noxian Guillotine #254,2.25,19.10,-,2026-05-03 18:01:54
Noxian Guillotine #254,2.25,19.10,-,2026-05-03 19:33:39
Noxian Guillotine #254,2.25,19.10,-,2026-05-03 23:51:37
Noxian Guillotine #254,2.25,28.60,+,2026-06-29 14:53:26
Party Favors #71,0.43,20.40,-,2026-04-29 17:48:22
Party Favors #71,0.43,20.40,-,2026-04-29 18:14:57
Party Favors #71,0.43,20.40,-,2026-05-01 00:15:52
Party Favors #71,0.33,23.30,-,2026-05-02 17:03:18
Party Favors #71,0.33,23.30,-,2026-05-03 18:01:54
Party Favors #71,0.33,23.30,-,2026-05-03 19:33:39
Party Favors #71,0.33,23.30,-,2026-05-03 23:51:37
Party Favors #71,0.30,20.00,+,2026-06-29 14:53:26
Overt Operation #153,0.24,4.30,+,2026-04-29 17:48:22
Overt Operation #153,0.24,4.30,+,2026-04-29 18:14:57
Overt Operation #153,0.24,4.30,+,2026-05-01 00:15:52
Overt Operation #153,0.24,4.30,+,2026-05-02 17:03:18
Overt Operation #153,0.24,4.30,+,2026-05-03 18:01:55
Overt Operation #153,0.24,4.30,+,2026-05-03 19:33:39
Overt Operation #153,0.24,4.30,+,2026-05-03 23:51:37
Overt Operation #153,0.21,4.50,-,2026-06-29 14:53:26
Warwick - Hunter #159,0.74,2.60,-,2026-04-29 17:48:22
Warwick - Hunter #159,0.74,2.60,-,2026-04-29 18:14:57
Warwick - Hunter #159,0.74,2.60,-,2026-05-01 00:15:52
Warwick - Hunter #159,0.74,2.60,-,2026-05-02 17:03:18
Warwick - Hunter #159,0.74,2.60,-,2026-05-03 18:01:55
Warwick - Hunter #159,0.74,2.60,-,2026-05-03 19:33:39
Warwick - Hunter #159,0.74,2.60,-,2026-05-03 23:51:37
Warwick - Hunter #159,0.55,10.00,+,2026-06-29 14:53:26
Singularity [Foil] #105,4.44,17.00,-,2026-04-29 17:48:22
Singularity [Foil] #105,4.44,17.00,-,2026-04-29 18:14:57
Singularity [Foil] #105,4.44,17.00,-,2026-05-01 00:15:52
Singularity [Foil] #105,4.44,17.00,-,2026-05-02 17:03:18
Singularity [Foil] #105,4.44,17.00,-,2026-05-03 18:01:55
Singularity [Foil] #105,4.44,17.00,-,2026-05-03 19:33:39
Singularity [Foil] #105,4.44,17.00,-,2026-05-03 23:51:37
Singularity [Foil] #105,5.99,5.60,+,2026-06-29 14:53:26
Lee Sin - Centered [Alternate Art] #151a,3.38,6.10,-,2026-04-29 17:48:22
Lee Sin - Centered [Alternate Art] #151a,3.38,6.10,-,2026-04-29 18:14:57
Lee Sin - Centered [Alternate Art] #151a,2.92,13.60,-,2026-05-01 00:15:52
Lee Sin - Centered [Alternate Art] #151a,2.92,13.60,-,2026-05-02 17:03:18
Lee Sin - Centered [Alternate Art] #151a,2.92,13.60,-,2026-05-03 18:01:55
Lee Sin - Centered [Alternate Art] #151a,2.92,13.60,-,2026-05-03 19:33:39
Lee Sin - Centered [Alternate Art] #151a,2.92,13.60,-,2026-05-03 23:51:37
Lee Sin - Centered [Alternate Art] #151a,1.00,24.80,-,2026-06-29 14:53:25
The Harrowing #198,0.51,1.90,-,2026-04-29 17:48:22
The Harrowing #198,0.51,1.90,-,2026-04-29 18:14:57
The Harrowing #198,0.51,1.90,-,2026-05-01 00:15:52
The Harrowing #198,0.40,21.60,-,2026-05-02 17:03:18
The Harrowing #198,0.40,21.60,-,2026-05-03 18:01:55
The Harrowing #198,0.40,21.60,-,2026-05-03 19:33:39
The Harrowing #198,0.40,21.60,-,2026-05-03 23:51:37
The Harrowing #198,0.38,20.80,-,2026-06-29 14:53:26
King's Edict #237,0.35,5.40,-,2026-04-29 17:48:22
King's Edict #237,0.35,5.40,-,2026-04-29 18:14:57
King's Edict #237,0.35,5.40,-,2026-05-01 00:15:52
King's Edict #237,0.34,2.90,-,2026-05-02 17:03:18
King's Edict #237,0.34,2.90,-,2026-05-03 18:01:55
King's Edict #237,0.34,2.90,-,2026-05-03 19:33:39
King's Edict #237,0.34,2.90,-,2026-05-03 23:51:37
King's Edict #237,0.21,16.00,-,2026-06-29 14:53:26
Lee Sin - Ascetic [Alternate Art] #78a,5.01,8.90,-,2026-04-29 17:48:22
Lee Sin - Ascetic [Alternate Art] #78a,5.01,8.90,-,2026-04-29 18:14:57
Lee Sin - Ascetic [Alternate Art] #78a,5.01,8.90,-,2026-05-01 00:15:52
Lee Sin - Ascetic [Alternate Art] #78a,4.81,4.00,-,2026-05-02 17:03:18
Lee Sin - Ascetic [Alternate Art] #78a,4.81,4.00,-,2026-05-03 18:01:55
Lee Sin - Ascetic [Alternate Art] #78a,4.81,4.00,-,2026-05-03 19:33:39
Lee Sin - Ascetic [Alternate Art] #78a,4.81,4.00,-,2026-05-03 23:51:37
Lee Sin - Ascetic [Alternate Art] #78a,2.26,21.80,-,2026-06-29 14:53:26
Sleeved Booster Pack,13.00,0.20,+,2026-04-29 17:48:22
Sleeved Booster Pack,13.00,0.20,+,2026-04-29 18:14:57
Sleeved Booster Pack,13.00,0.20,+,2026-05-01 00:15:52
Sleeved Booster Pack,13.00,0.20,+,2026-05-02 17:03:18
Sleeved Booster Pack,13.49,3.80,+,2026-05-03 18:01:55
Sleeved Booster Pack,13.49,3.80,+,2026-05-03 19:33:39
Sleeved Booster Pack,13.49,3.80,+,2026-05-03 23:51:37
Sleeved Booster Pack,12.45,1.20,+,2026-06-29 14:53:26
Ravenbloom Student [Promo] #103,0.48,93.40,-,2026-04-29 17:48:22
Ravenbloom Student [Promo] #103,0.48,93.40,-,2026-04-29 18:14:57
Ravenbloom Student [Promo] #103,0.48,93.40,-,2026-05-01 00:15:52
Ravenbloom Student [Promo] #103,0.49,2.10,+,2026-05-02 17:03:18
Ravenbloom Student [Promo] #103,0.49,2.10,+,2026-05-03 18:01:55
Ravenbloom Student [Promo] #103,0.49,2.10,+,2026-05-03 19:33:39
Ravenbloom Student [Promo] #103,0.49,2.10,+,2026-05-03 23:51:37
Challenge [Promo] #128,4.40,1.40,+,2026-04-29 17:48:22
Challenge [Promo] #128,4.40,1.40,+,2026-04-29 18:14:57
Challenge [Promo] #128,4.40,1.40,+,2026-05-01 00:15:52
Challenge [Promo] #128,4.40,1.40,+,2026-05-02 17:03:18
Challenge [Promo] #128,5.50,25.00,+,2026-05-03 18:01:55
Challenge [Promo] #128,5.50,25.00,+,2026-05-03 19:33:39
Challenge [Promo] #128,5.50,25.00,+,2026-05-03 23:51:37
Challenge [Promo] #128,5.32,0.00,,2026-06-29 14:53:26
Chaos Rune [Promo] #166B,16.65,0.00,,2026-04-29 17:48:22
Chaos Rune [Promo] #166B,16.65,0.00,,2026-04-29 18:14:57
Chaos Rune [Promo] #166B,16.65,0.00,,2026-05-01 00:15:52
Chaos Rune [Promo] #166B,8.91,46.50,-,2026-05-02 17:03:18
Chaos Rune [Promo] #166B,8.91,46.50,-,2026-05-03 18:01:55
Chaos Rune [Promo] #166B,8.91,46.50,-,2026-05-03 19:33:39
Chaos Rune [Promo] #166B,8.91,46.50,-,2026-05-03 23:51:37
Stacked Deck #183,6.49,16.70,-,2026-04-29 17:48:22
Stacked Deck #183,6.49,16.70,-,2026-04-29 18:14:57
Stacked Deck #183,6.49,16.70,-,2026-05-01 00:15:53
Stacked Deck #183,6.49,16.70,-,2026-05-02 17:03:18
Stacked Deck #183,6.49,16.70,-,2026-05-03 18:01:55
Stacked Deck #183,6.49,16.70,-,2026-05-03 19:33:39
Stacked Deck #183,6.49,16.70,-,2026-05-03 23:51:37
Stacked Deck #183,6.21,11.30,-,2026-06-29 14:53:26
Maddened Marauder [Foil] #191,0.45,80.00,+,2026-04-29 17:48:22
Maddened Marauder [Foil] #191,0.45,80.00,+,2026-04-29 18:14:57
Maddened Marauder [Foil] #191,0.45,80.00,+,2026-05-01 00:15:53
Maddened Marauder [Foil] #191,0.45,0.00,,2026-05-02 17:03:18
Maddened Marauder [Foil] #191,0.45,0.00,,2026-05-03 18:01:55
Maddened Marauder [Foil] #191,0.45,0.00,,2026-05-03 19:33:39
Maddened Marauder [Foil] #191,0.45,0.00,,2026-05-03 23:51:37
Maddened Marauder [Foil] #191,0.45,0.00,,2026-06-29 14:53:26
Teemo - Scout [GG EZ] [Promo] #197B,543.75,3.50,-,2026-04-29 17:48:22
Teemo - Scout [GG EZ] [Promo] #197B,543.75,3.50,-,2026-04-29 18:14:57
Teemo - Scout [GG EZ] [Promo] #197B,543.75,3.50,-,2026-05-01 00:15:53
Teemo - Scout [GG EZ] [Promo] #197B,549.94,1.10,+,2026-05-02 17:03:18
Teemo - Scout [GG EZ] [Promo] #197B,549.94,1.10,+,2026-05-03 18:01:55
Teemo - Scout [GG EZ] [Promo] #197B,549.94,1.10,+,2026-05-03 19:33:39
Teemo - Scout [GG EZ] [Promo] #197B,549.94,1.10,+,2026-05-03 23:51:37
Order Rune [Promo] #214B,6.75,5.60,-,2026-04-29 17:48:22
Order Rune [Promo] #214B,6.75,5.60,-,2026-04-29 18:14:57
Order Rune [Promo] #214B,6.75,5.60,-,2026-05-01 00:15:53
Order Rune [Promo] #214B,6.75,5.60,-,2026-05-02 17:03:18
Order Rune [Promo] #214B,6.75,5.60,-,2026-05-03 18:01:55
Order Rune [Promo] #214B,6.75,5.60,-,2026-05-03 19:33:39
Order Rune [Promo] #214B,6.75,5.60,-,2026-05-03 23:51:37
Recruit / Buff [Token] #273,0.15,6.30,-,2026-04-29 17:48:22
Recruit / Buff [Token] #273,0.15,6.30,-,2026-04-29 18:14:57
Recruit / Buff [Token] #273,0.15,6.30,-,2026-05-01 00:15:53
Recruit / Buff [Token] #273,0.15,6.30,-,2026-05-02 17:03:18
Recruit / Buff [Token] #273,0.15,6.30,-,2026-05-03 18:01:55
Recruit / Buff [Token] #273,0.15,6.30,-,2026-05-03 19:33:39
Recruit / Buff [Token] #273,0.15,6.30,-,2026-05-03 23:51:37
Recruit / Buff [Token] #273,0.13,0.00,,2026-06-29 14:53:26
Calm Rune [Promo] #42B,5.21,0.00,,2026-04-29 17:48:23
Calm Rune [Promo] #42B,5.21,0.00,,2026-04-29 18:14:58
Calm Rune [Promo] #42B,5.21,0.00,,2026-05-01 00:15:53
Calm Rune [Promo] #42B,5.21,0.00,,2026-05-02 17:03:19
Calm Rune [Promo] #42B,5.38,3.30,+,2026-05-03 18:01:55
Calm Rune [Promo] #42B,5.38,3.30,+,2026-05-03 19:33:40
Calm Rune [Promo] #42B,5.38,3.30,+,2026-05-03 23:51:37
Caitlyn [Arcane Promo Alternate Art] #68a,38.18,0.70,-,2026-04-29 17:48:23
Caitlyn [Arcane Promo Alternate Art] #68a,38.18,0.70,-,2026-04-29 18:14:58
Caitlyn [Arcane Promo Alternate Art] #68a,38.18,0.70,-,2026-05-01 00:15:53
Caitlyn [Arcane Promo Alternate Art] #68a,37.92,0.70,-,2026-05-02 17:03:19
Caitlyn [Arcane Promo Alternate Art] #68a,37.92,0.70,-,2026-05-03 18:01:55
Caitlyn [Arcane Promo Alternate Art] #68a,37.92,0.70,-,2026-05-03 19:33:40
Caitlyn [Arcane Promo Alternate Art] #68a,37.92,0.70,-,2026-05-03 23:51:37
Caitlyn [Arcane Promo Alternate Art] #68a,37.92,0.00,,2026-06-29 14:53:25
Fury Rune [Promo] #7B,5.64,37.00,-,2026-04-29 17:48:23
Fury Rune [Promo] #7B,5.64,37.00,-,2026-04-29 18:14:58
Fury Rune [Promo] #7B,5.64,37.00,-,2026-05-01 00:15:53
Fury Rune [Promo] #7B,5.07,10.10,-,2026-05-02 17:03:19
Fury Rune [Promo] #7B,5.07,10.10,-,2026-05-03 18:01:55
Fury Rune [Promo] #7B,5.07,10.10,-,2026-05-03 19:33:40
Fury Rune [Promo] #7B,5.07,10.10,-,2026-05-03 23:51:37
Mind Rune [Promo] #89B,7.49,0.00,,2026-04-29 17:48:23
Mind Rune [Promo] #89B,7.49,0.00,,2026-04-29 18:14:58
Mind Rune [Promo] #89B,7.49,0.00,,2026-05-01 00:15:53
Mind Rune [Promo] #89B,6.30,15.90,-,2026-05-02 17:03:19
Mind Rune [Promo] #89B,6.30,15.90,-,2026-05-03 18:01:55
Mind Rune [Promo] #89B,6.30,15.90,-,2026-05-03 19:33:40
Mind Rune [Promo] #89B,6.30,15.90,-,2026-05-03 23:51:37
Blazing Scorcher [Foil] #1,0.06,0.00,,2026-04-29 17:48:23
Blazing Scorcher [Foil] #1,0.06,0.00,,2026-04-29 18:14:58
Blazing Scorcher [Foil] #1,0.06,0.00,,2026-05-01 00:15:53
Blazing Scorcher [Foil] #1,0.06,0.00,,2026-05-02 17:03:19
Blazing Scorcher [Foil] #1,0.06,0.00,,2026-05-03 18:01:55
Blazing Scorcher [Foil] #1,0.06,0.00,,2026-05-03 19:33:40
Blazing Scorcher [Foil] #1,0.06,0.00,,2026-05-03 23:51:37
Blazing Scorcher [Foil] #1,0.51,0.00,,2026-06-29 14:53:26
Cleave [Foil] #4,2.00,0.50,-,2026-04-29 17:48:23
Cleave [Foil] #4,2.00,0.50,-,2026-04-29 18:14:58
Cleave [Foil] #4,2.00,0.00,,2026-05-01 00:15:53
Cleave [Foil] #4,2.00,0.00,,2026-05-02 17:03:19
Cleave [Foil] #4,2.00,0.00,,2026-05-03 18:01:55
Cleave [Foil] #4,2.00,0.00,,2026-05-03 19:33:40
Cleave [Foil] #4,2.00,0.00,,2026-05-03 23:51:37
Cleave [Foil] #4,1.98,0.00,,2026-06-29 14:53:26
Void Seeker [Foil] #24,1.19,0.00,,2026-04-29 17:48:23
Void Seeker [Foil] #24,1.19,0.00,,2026-04-29 18:14:58
Void Seeker [Foil] #24,1.19,0.00,,2026-05-01 00:15:53
Void Seeker [Foil] #24,1.19,0.00,,2026-05-02 17:03:19
Void Seeker [Foil] #24,1.19,0.00,,2026-05-03 18:01:55
Void Seeker [Foil] #24,1.19,0.00,,2026-05-03 19:33:40
Void Seeker [Foil] #24,1.19,0.00,,2026-05-03 23:51:37
Void Seeker [Foil] #24,1.50,0.00,,2026-06-29 14:53:26
Brynhir Thundersong [Foil] #26,6.54,18.10,-,2026-04-29 17:48:23
Brynhir Thundersong [Foil] #26,6.54,18.10,-,2026-04-29 18:14:58
Brynhir Thundersong [Foil] #26,6.54,18.10,-,2026-05-01 00:15:53
Brynhir Thundersong [Foil] #26,6.10,6.70,-,2026-05-02 17:03:19
Brynhir Thundersong [Foil] #26,6.10,6.70,-,2026-05-03 18:01:55
Brynhir Thundersong [Foil] #26,6.10,6.70,-,2026-05-03 19:33:40
Brynhir Thundersong [Foil] #26,6.10,6.70,-,2026-05-03 23:51:37
Brynhir Thundersong [Foil] #26,2.96,15.40,-,2026-06-29 14:53:25
Adaptatron [Foil] #56,2.39,57.20,+,2026-04-29 17:48:23
Adaptatron [Foil] #56,2.39,57.20,+,2026-04-29 18:14:58
Adaptatron [Foil] #56,2.39,57.20,+,2026-05-01 00:15:53
Adaptatron [Foil] #56,2.39,0.00,,2026-05-02 17:03:19
Adaptatron [Foil] #56,2.39,0.00,,2026-05-03 18:01:55
Adaptatron [Foil] #56,2.39,0.00,,2026-05-03 19:33:40
Adaptatron [Foil] #56,2.39,0.00,,2026-05-03 23:51:37
Adaptatron [Foil] #56,3.29,0.00,,2026-06-29 14:53:26
Consult the Past [Foil] #83,1.10,18.30,+,2026-04-29 17:48:23
Consult the Past [Foil] #83,1.10,18.30,+,2026-04-29 18:14:58
Consult the Past [Foil] #83,1.10,18.30,+,2026-05-01 00:15:53
Consult the Past [Foil] #83,1.10,18.30,+,2026-05-02 17:03:19
Consult the Past [Foil] #83,1.10,18.30,+,2026-05-03 18:01:55
Consult the Past [Foil] #83,1.10,18.30,+,2026-05-03 19:33:40
Consult the Past [Foil] #83,1.10,18.30,+,2026-05-03 23:51:37
Consult the Past [Foil] #83,1.25,0.00,,2026-06-29 14:53:26
Orb of Regret [Foil] #90,0.09,0.00,,2026-04-29 17:48:23
Orb of Regret [Foil] #90,0.09,0.00,,2026-04-29 18:14:58
Orb of Regret [Foil] #90,0.09,0.00,,2026-05-01 00:15:53
Orb of Regret [Foil] #90,0.09,0.00,,2026-05-02 17:03:19
Orb of Regret [Foil] #90,0.09,0.00,,2026-05-03 18:01:55
Orb of Regret [Foil] #90,0.09,0.00,,2026-05-03 19:33:40
Orb of Regret [Foil] #90,0.09,0.00,,2026-05-03 23:51:37
Orb of Regret [Foil] #90,0.35,0.00,,2026-06-29 14:53:26
Viktor - Innovator #117,0.26,0.00,,2026-04-29 17:48:23
Viktor - Innovator #117,0.26,0.00,,2026-04-29 18:14:58
Viktor - Innovator #117,0.26,0.00,,2026-05-01 00:15:53
Viktor - Innovator #117,0.26,0.00,,2026-05-02 17:03:19
Viktor - Innovator #117,0.26,0.00,,2026-05-03 18:01:55
Viktor - Innovator #117,0.26,0.00,,2026-05-03 19:33:40
Viktor - Innovator #117,0.26,0.00,,2026-05-03 23:51:37
Viktor - Innovator #117,0.26,4.00,+,2026-06-29 14:53:26
Arena Bar [Foil] #124,0.29,0.00,,2026-04-29 17:48:23
Arena Bar [Foil] #124,0.29,0.00,,2026-04-29 18:14:58
Arena Bar [Foil] #124,0.29,0.00,,2026-05-01 00:15:53
Arena Bar [Foil] #124,0.29,0.00,,2026-05-02 17:03:19
Arena Bar [Foil] #124,0.29,0.00,,2026-05-03 18:01:55
Arena Bar [Foil] #124,0.29,0.00,,2026-05-03 19:33:40
Arena Bar [Foil] #124,0.29,0.00,,2026-05-03 23:51:37
Arena Bar [Foil] #124,0.60,0.00,,2026-06-29 14:53:26
Pakaa Cub [Foil] #135,0.06,0.00,,2026-04-29 17:48:23
Pakaa Cub [Foil] #135,0.06,0.00,,2026-04-29 18:14:58
Pakaa Cub [Foil] #135,0.06,0.00,,2026-05-01 00:15:53
Pakaa Cub [Foil] #135,0.06,0.00,,2026-05-02 17:03:19
Pakaa Cub [Foil] #135,0.06,0.00,,2026-05-03 18:01:55
Pakaa Cub [Foil] #135,0.06,0.00,,2026-05-03 19:33:40
Pakaa Cub [Foil] #135,0.06,0.00,,2026-05-03 23:51:37
Pakaa Cub [Foil] #135,0.06,0.00,,2026-06-29 14:53:26
Kraken Hunter #150,0.37,19.40,+,2026-04-29 17:48:23
Kraken Hunter #150,0.37,19.40,+,2026-04-29 18:14:58
Kraken Hunter #150,0.34,8.10,-,2026-05-01 00:15:53
Kraken Hunter #150,0.34,8.10,-,2026-05-02 17:03:19
Kraken Hunter #150,0.34,8.10,-,2026-05-03 18:01:55
Kraken Hunter #150,0.34,8.10,-,2026-05-03 19:33:40
Kraken Hunter #150,0.34,8.10,-,2026-05-03 23:51:37
Kraken Hunter #150,0.25,0.00,,2026-06-29 14:53:26
Rebuke [Foil] #172,7.49,1.60,-,2026-04-29 17:48:23
Rebuke [Foil] #172,7.49,1.60,-,2026-04-29 18:14:58
Rebuke [Foil] #172,7.49,1.60,-,2026-05-01 00:15:53
Rebuke [Foil] #172,7.49,1.60,-,2026-05-02 17:03:19
Rebuke [Foil] #172,7.49,0.00,,2026-05-03 18:01:55
Rebuke [Foil] #172,7.49,0.00,,2026-05-03 19:33:40
Rebuke [Foil] #172,7.49,0.00,,2026-05-03 23:51:37
Rebuke [Foil] #172,6.89,1.00,+,2026-06-29 14:53:26
Stacked Deck [Promo] #183,4.21,3.90,-,2026-04-29 17:48:23
Stacked Deck [Promo] #183,4.21,3.90,-,2026-04-29 18:14:58
Stacked Deck [Promo] #183,4.21,3.90,-,2026-05-01 00:15:53
Stacked Deck [Promo] #183,4.21,3.90,-,2026-05-02 17:03:19
Stacked Deck [Promo] #183,4.21,3.90,-,2026-05-03 18:01:55
Stacked Deck [Promo] #183,4.21,3.90,-,2026-05-03 19:33:40
Stacked Deck [Promo] #183,4.21,3.90,-,2026-05-03 23:51:37
Salvage #224,5.99,2.10,-,2026-04-29 17:48:23
Salvage #224,5.99,2.10,-,2026-04-29 18:14:58
Salvage #224,5.99,2.10,-,2026-05-01 00:15:53
Salvage #224,6.00,0.20,+,2026-05-02 17:03:19
Salvage #224,6.00,0.20,+,2026-05-03 18:01:55
Salvage #224,6.00,0.20,+,2026-05-03 19:33:40
Salvage #224,6.00,0.20,+,2026-05-03 23:51:37
Salvage #224,4.00,0.80,+,2026-06-29 14:53:26
Salvage [Foil] #224,5.58,1.10,-,2026-04-29 17:48:23
Salvage [Foil] #224,5.58,1.10,-,2026-04-29 18:14:58
Salvage [Foil] #224,5.58,1.10,-,2026-05-01 00:15:53
Salvage [Foil] #224,5.58,1.10,-,2026-05-02 17:03:19
Salvage [Foil] #224,5.58,1.10,-,2026-05-03 18:01:55
Salvage [Foil] #224,5.58,1.10,-,2026-05-03 19:33:40
Salvage [Foil] #224,5.58,1.10,-,2026-05-03 23:51:37
Salvage [Foil] #224,6.50,0.00,,2026-06-29 14:53:26
Vengeance [Foil] #229,1.12,0.90,-,2026-04-29 17:48:23
Vengeance [Foil] #229,1.12,0.90,-,2026-04-29 18:14:58
Vengeance [Foil] #229,1.12,0.90,-,2026-05-01 00:15:53
Vengeance [Foil] #229,1.12,0.90,-,2026-05-02 17:03:19
Vengeance [Foil] #229,1.12,0.90,-,2026-05-03 18:01:55
Vengeance [Foil] #229,1.12,0.90,-,2026-05-03 19:33:40
Vengeance [Foil] #229,1.12,0.90,-,2026-05-03 23:51:37
Vengeance [Foil] #229,1.52,40.70,+,2026-06-29 14:53:26
Harnessed Dragon #234,1.72,3.90,-,2026-04-29 17:48:23
Harnessed Dragon #234,1.72,3.90,-,2026-04-29 18:14:58
Harnessed Dragon #234,1.72,3.90,-,2026-05-01 00:15:53
Harnessed Dragon #234,1.66,3.50,-,2026-05-02 17:03:19
Harnessed Dragon #234,1.66,3.50,-,2026-05-03 18:01:55
Harnessed Dragon #234,1.66,3.50,-,2026-05-03 19:33:40
Harnessed Dragon #234,1.66,3.50,-,2026-05-03 23:51:37
Harnessed Dragon #234,2.24,21.40,-,2026-06-29 14:53:26
Machine Evangel #239,0.85,15.00,-,2026-04-29 17:48:23
Machine Evangel #239,0.85,15.00,-,2026-04-29 18:14:58
Machine Evangel #239,0.85,15.00,-,2026-05-01 00:15:53
Machine Evangel #239,0.84,1.20,-,2026-05-02 17:03:19
Machine Evangel #239,0.84,1.20,-,2026-05-03 18:01:55
Machine Evangel #239,0.84,1.20,-,2026-05-03 19:33:40
Machine Evangel #239,0.84,1.20,-,2026-05-03 23:51:37
Machine Evangel #239,0.48,14.30,+,2026-06-29 14:53:26
Void Gate [Foil] #296,1.00,1.00,+,2026-04-29 17:48:23
Void Gate [Foil] #296,1.00,1.00,+,2026-04-29 18:14:58
Void Gate [Foil] #296,1.00,1.00,+,2026-05-01 00:15:53
Void Gate [Foil] #296,1.00,1.00,+,2026-05-02 17:03:19
Void Gate [Foil] #296,1.00,1.00,+,2026-05-03 18:01:55
Void Gate [Foil] #296,1.00,1.00,+,2026-05-03 19:33:40
Void Gate [Foil] #296,1.00,1.00,+,2026-05-03 23:51:37
Void Gate [Foil] #296,1.26,0.00,,2026-06-29 14:53:26
Defy [Foil] #45,6.84,0.40,+,2026-04-29 17:48:23
Defy [Foil] #45,6.84,0.40,+,2026-04-29 18:14:58
Defy [Foil] #45,6.86,0.30,+,2026-05-01 00:15:53
Defy [Foil] #45,6.86,0.30,+,2026-05-02 17:03:19
Defy [Foil] #45,6.86,0.30,+,2026-05-03 18:01:55
Defy [Foil] #45,6.86,0.30,+,2026-05-03 19:33:40
Defy [Foil] #45,6.86,0.30,+,2026-05-03 23:51:37
Defy [Foil] #45,4.80,18.50,-,2026-06-29 14:53:26
Wielder of Water [Foil] #55,2.13,0.90,+,2026-04-29 17:48:23
Wielder of Water [Foil] #55,2.13,0.90,+,2026-04-29 18:14:58
Wielder of Water [Foil] #55,2.13,0.90,+,2026-05-01 00:15:53
Wielder of Water [Foil] #55,2.13,0.90,+,2026-05-02 17:03:19
Wielder of Water [Foil] #55,2.13,0.90,+,2026-05-03 18:01:55
Wielder of Water [Foil] #55,2.13,0.90,+,2026-05-03 19:33:40
Wielder of Water [Foil] #55,2.13,0.90,+,2026-05-03 23:51:37
Wielder of Water [Foil] #55,1.99,0.00,,2026-06-29 14:53:26
Riptide Rex #92,0.19,0.00,,2026-04-29 17:48:23
Riptide Rex #92,0.19,0.00,,2026-04-29 18:14:58
Riptide Rex #92,0.16,15.80,-,2026-05-01 00:15:53
Riptide Rex #92,0.16,15.80,-,2026-05-02 17:03:19
Riptide Rex #92,0.16,15.80,-,2026-05-03 18:01:56
Riptide Rex #92,0.16,15.80,-,2026-05-03 19:33:40
Riptide Rex #92,0.16,15.80,-,2026-05-03 23:51:37
Riptide Rex #92,0.14,30.00,-,2026-06-29 14:53:26
Cannon Barrage [Foil] #127,0.33,2.90,-,2026-04-29 17:48:23
Cannon Barrage [Foil] #127,0.33,2.90,-,2026-04-29 18:14:58
Cannon Barrage [Foil] #127,0.33,2.90,-,2026-05-01 00:15:53
Cannon Barrage [Foil] #127,0.33,2.90,-,2026-05-02 17:03:19
Cannon Barrage [Foil] #127,0.33,2.90,-,2026-05-03 18:01:56
Cannon Barrage [Foil] #127,0.33,2.90,-,2026-05-03 19:33:40
Cannon Barrage [Foil] #127,0.33,2.90,-,2026-05-03 23:51:37
Cannon Barrage [Foil] #127,0.33,0.00,,2026-06-29 14:53:26
Morbid Return [Foil] #170,0.08,0.00,,2026-04-29 17:48:23
Morbid Return [Foil] #170,0.08,0.00,,2026-04-29 18:14:58
Morbid Return [Foil] #170,0.08,0.00,,2026-05-01 00:15:53
Morbid Return [Foil] #170,0.08,0.00,,2026-05-02 17:03:19
Morbid Return [Foil] #170,0.08,0.00,,2026-05-03 18:01:56
Morbid Return [Foil] #170,0.08,0.00,,2026-05-03 19:33:40
Morbid Return [Foil] #170,0.08,0.00,,2026-05-03 23:51:37
Morbid Return [Foil] #170,0.08,0.00,,2026-06-29 14:53:26
Shipyard Skulker [Foil] #175,0.14,0.00,,2026-04-29 17:48:23
Shipyard Skulker [Foil] #175,0.14,0.00,,2026-04-29 18:14:58
Shipyard Skulker [Foil] #175,0.14,0.00,,2026-05-01 00:15:53
Shipyard Skulker [Foil] #175,0.14,0.00,,2026-05-02 17:03:19
Shipyard Skulker [Foil] #175,0.14,0.00,,2026-05-03 18:01:56
Shipyard Skulker [Foil] #175,0.14,0.00,,2026-05-03 19:33:40
Shipyard Skulker [Foil] #175,0.14,0.00,,2026-05-03 23:51:37
Shipyard Skulker [Foil] #175,0.14,0.00,,2026-06-29 14:53:26
Cull the Weak [Foil] #209,4.43,10.70,+,2026-04-29 17:48:23
Cull the Weak [Foil] #209,4.43,10.70,+,2026-04-29 18:14:58
Cull the Weak [Foil] #209,4.43,10.70,+,2026-05-01 00:15:53
Cull the Weak [Foil] #209,4.97,12.20,+,2026-05-02 17:03:19
Cull the Weak [Foil] #209,4.97,12.20,+,2026-05-03 18:01:56
Cull the Weak [Foil] #209,4.97,12.20,+,2026-05-03 19:33:40
Cull the Weak [Foil] #209,4.97,12.20,+,2026-05-03 23:51:37
Cull the Weak [Foil] #209,2.50,0.40,-,2026-06-29 14:53:26
Aspirant's Climb #276,1.59,0.00,,2026-04-29 17:48:23
Aspirant's Climb #276,1.59,0.00,,2026-04-29 18:14:58
Aspirant's Climb #276,1.59,0.00,,2026-05-01 00:15:53
Aspirant's Climb #276,1.59,0.00,,2026-05-02 17:03:19
Aspirant's Climb #276,1.59,0.00,,2026-05-03 18:01:56
Aspirant's Climb #276,1.59,0.00,,2026-05-03 19:33:40
Aspirant's Climb #276,1.59,0.00,,2026-05-03 23:51:37
Aspirant's Climb #276,1.60,0.60,+,2026-06-29 14:53:26
Trifarian War Camp #294,2.13,0.00,,2026-04-29 17:48:23
Trifarian War Camp #294,2.13,0.00,,2026-04-29 18:14:58
Trifarian War Camp #294,2.13,0.00,,2026-05-01 00:15:53
Trifarian War Camp #294,2.13,0.00,,2026-05-02 17:03:19
Trifarian War Camp #294,2.13,0.00,,2026-05-03 18:01:56
Trifarian War Camp #294,2.13,0.00,,2026-05-03 19:33:40
Trifarian War Camp #294,2.13,0.00,,2026-05-03 23:51:37
Trifarian War Camp #294,1.13,0.00,,2026-06-29 14:53:26
Pouty Poro [Foil] #13,0.69,4.20,-,2026-04-29 17:48:23
Pouty Poro [Foil] #13,0.69,4.20,-,2026-04-29 18:14:58
Pouty Poro [Foil] #13,0.69,4.20,-,2026-05-01 00:15:53
Pouty Poro [Foil] #13,0.67,2.90,-,2026-05-02 17:03:19
Pouty Poro [Foil] #13,0.67,2.90,-,2026-05-03 18:01:56
Pouty Poro [Foil] #13,0.67,2.90,-,2026-05-03 19:33:40
Pouty Poro [Foil] #13,0.67,2.90,-,2026-05-03 23:51:37
Pouty Poro [Foil] #13,0.80,0.00,,2026-06-29 14:53:26
Captain Farron #15,2.29,0.00,,2026-04-29 17:48:23
Captain Farron #15,2.29,0.00,,2026-04-29 18:14:58
Captain Farron #15,2.29,0.00,,2026-05-01 00:15:53
Captain Farron #15,2.29,0.00,,2026-05-02 17:03:19
Captain Farron #15,2.29,0.00,,2026-05-03 18:01:56
Captain Farron #15,2.29,0.00,,2026-05-03 19:33:40
Captain Farron #15,2.29,0.00,,2026-05-03 23:51:37
Captain Farron #15,2.29,0.00,,2026-06-29 14:53:26
Void Seeker #24,5.14,0.00,,2026-04-29 17:48:23
Void Seeker #24,5.14,0.00,,2026-04-29 18:14:58
Void Seeker #24,5.14,0.00,,2026-05-01 00:15:53
Void Seeker #24,5.14,0.00,,2026-05-02 17:03:19
Void Seeker #24,5.14,0.00,,2026-05-03 18:01:56
Void Seeker #24,5.14,0.00,,2026-05-03 19:33:40
Void Seeker #24,5.14,0.00,,2026-05-03 23:51:37
Void Seeker #24,2.99,41.80,-,2026-06-29 14:53:26
Stalwart Poro [Foil] #52,0.42,0.00,,2026-04-29 17:48:23
Stalwart Poro [Foil] #52,0.42,0.00,,2026-04-29 18:14:58
Stalwart Poro [Foil] #52,0.42,0.00,,2026-05-01 00:15:53
Stalwart Poro [Foil] #52,0.42,0.00,,2026-05-02 17:03:19
Stalwart Poro [Foil] #52,0.42,0.00,,2026-05-03 18:01:56
Stalwart Poro [Foil] #52,0.42,0.00,,2026-05-03 19:33:40
Stalwart Poro [Foil] #52,0.42,0.00,,2026-05-03 23:51:37
Stalwart Poro [Foil] #52,0.44,0.00,,2026-06-29 14:53:26
Ravenbloom Student [Foil] #103,2.80,0.40,+,2026-04-29 17:48:23
Ravenbloom Student [Foil] #103,2.80,0.40,+,2026-04-29 18:14:58
Ravenbloom Student [Foil] #103,2.80,0.40,+,2026-05-01 00:15:53
Ravenbloom Student [Foil] #103,2.80,0.40,+,2026-05-02 17:03:19
Ravenbloom Student [Foil] #103,2.80,0.00,,2026-05-03 18:01:56
Ravenbloom Student [Foil] #103,2.80,0.00,,2026-05-03 19:33:40
Ravenbloom Student [Foil] #103,2.80,0.00,,2026-05-03 23:51:37
Ravenbloom Student [Foil] #103,2.25,0.00,,2026-06-29 14:53:26
Cleave #4,0.29,70.60,+,2026-04-29 17:48:23
Cleave #4,0.29,70.60,+,2026-04-29 18:14:58
Cleave #4,0.30,3.40,+,2026-05-01 00:15:53
Cleave #4,0.30,3.40,+,2026-05-02 17:03:19
Cleave #4,0.30,3.40,+,2026-05-03 18:01:56
Cleave #4,0.30,3.40,+,2026-05-03 19:33:40
Cleave #4,0.30,3.40,+,2026-05-03 23:51:37
Cleave #4,0.25,7.40,-,2026-06-29 14:53:26
Fury Rune #7,0.15,15.40,+,2026-04-29 17:48:23
Fury Rune #7,0.15,15.40,+,2026-04-29 18:14:58
Fury Rune #7,0.15,15.40,+,2026-05-01 00:15:53
Fury Rune #7,0.15,15.40,+,2026-05-02 17:03:19
Fury Rune #7,0.19,26.70,+,2026-05-03 18:01:56
Fury Rune #7,0.19,26.70,+,2026-05-03 19:33:40
Fury Rune #7,0.19,26.70,+,2026-05-03 23:51:37
Fury Rune #7,0.15,16.70,-,2026-06-29 14:53:26
Hextech Ray [Foil] #9,1.18,0.00,,2026-04-29 17:48:23
Hextech Ray [Foil] #9,1.18,0.00,,2026-04-29 18:14:58
Hextech Ray [Foil] #9,1.18,0.00,,2026-05-01 00:15:53
Hextech Ray [Foil] #9,1.18,0.00,,2026-05-02 17:03:19
Hextech Ray [Foil] #9,1.18,0.00,,2026-05-03 18:01:56
Hextech Ray [Foil] #9,1.18,0.00,,2026-05-03 19:33:40
Hextech Ray [Foil] #9,1.18,0.00,,2026-05-03 23:51:37
Hextech Ray [Foil] #9,1.29,1.60,+,2026-06-29 14:53:26
Noxus Hopeful [Foil] #12,3.46,2.70,+,2026-04-29 17:48:23
Noxus Hopeful [Foil] #12,3.46,2.70,+,2026-04-29 18:14:58
Noxus Hopeful [Foil] #12,3.46,2.70,+,2026-05-01 00:15:53
Noxus Hopeful [Foil] #12,3.46,2.70,+,2026-05-02 17:03:19
Noxus Hopeful [Foil] #12,3.48,0.60,+,2026-05-03 18:01:56
Noxus Hopeful [Foil] #12,3.48,0.60,+,2026-05-03 19:33:40
Noxus Hopeful [Foil] #12,3.48,0.60,+,2026-05-03 23:51:37
Noxus Hopeful [Foil] #12,3.50,0.00,,2026-06-29 14:53:26
Sky Splitter #14,0.11,52.20,-,2026-04-29 17:48:23
Sky Splitter #14,0.11,52.20,-,2026-04-29 18:14:58
Sky Splitter #14,0.11,52.20,-,2026-05-01 00:15:53
Sky Splitter #14,0.20,81.80,+,2026-05-02 17:03:19
Sky Splitter #14,0.20,81.80,+,2026-05-03 18:01:56
Sky Splitter #14,0.20,81.80,+,2026-05-03 19:33:40
Sky Splitter #14,0.20,81.80,+,2026-05-03 23:51:37
Sky Splitter #14,0.15,50.00,+,2026-06-29 14:53:26
Sky Splitter [Foil] #14,0.16,0.00,,2026-04-29 17:48:23
Sky Splitter [Foil] #14,0.16,0.00,,2026-04-29 18:14:58
Sky Splitter [Foil] #14,0.16,0.00,,2026-05-01 00:15:53
Sky Splitter [Foil] #14,0.16,0.00,,2026-05-02 17:03:19
Sky Splitter [Foil] #14,0.16,0.00,,2026-05-03 18:01:56
Sky Splitter [Foil] #14,0.16,0.00,,2026-05-03 19:33:40
Sky Splitter [Foil] #14,0.16,0.00,,2026-05-03 23:51:37
Sky Splitter [Foil] #14,0.94,0.00,,2026-06-29 14:53:26
Captain Farron [Foil] #15,0.64,1.50,-,2026-04-29 17:48:23
Captain Farron [Foil] #15,0.64,1.50,-,2026-04-29 18:14:58
Captain Farron [Foil] #15,0.64,1.50,-,2026-05-01 00:15:53
Captain Farron [Foil] #15,0.64,1.50,-,2026-05-02 17:03:19
Captain Farron [Foil] #15,0.64,1.50,-,2026-05-03 18:01:56
Captain Farron [Foil] #15,0.64,1.50,-,2026-05-03 19:33:40
Captain Farron [Foil] #15,0.64,1.50,-,2026-05-03 23:51:37
Captain Farron [Foil] #15,0.84,0.00,,2026-06-29 14:53:26
Dangerous Duo #16,1.20,0.00,,2026-04-29 17:48:23
Dangerous Duo #16,1.20,0.00,,2026-04-29 18:14:58
Dangerous Duo #16,1.20,0.00,,2026-05-01 00:15:53
Dangerous Duo #16,1.20,0.00,,2026-05-02 17:03:19
Dangerous Duo #16,1.20,0.00,,2026-05-03 18:01:56
Dangerous Duo #16,1.20,0.00,,2026-05-03 19:33:40
Dangerous Duo #16,1.20,0.00,,2026-05-03 23:51:37
Dangerous Duo #16,1.20,0.00,,2026-06-29 14:53:26
Dangerous Duo [Foil] #16,0.10,0.00,,2026-04-29 17:48:23
Dangerous Duo [Foil] #16,0.10,0.00,,2026-04-29 18:14:58
Dangerous Duo [Foil] #16,0.10,0.00,,2026-05-01 00:15:53
Dangerous Duo [Foil] #16,0.10,0.00,,2026-05-02 17:03:19
Dangerous Duo [Foil] #16,0.10,0.00,,2026-05-03 18:01:56
Dangerous Duo [Foil] #16,0.10,0.00,,2026-05-03 19:33:40
Dangerous Duo [Foil] #16,0.10,0.00,,2026-05-03 23:51:37
Dangerous Duo [Foil] #16,0.28,0.00,,2026-06-29 14:53:26
Iron Ballista #17,0.29,16.00,+,2026-04-29 17:48:23
Iron Ballista #17,0.29,16.00,+,2026-04-29 18:14:58
Iron Ballista #17,0.29,16.00,+,2026-05-01 00:15:53
Iron Ballista #17,0.29,16.00,+,2026-05-02 17:03:19
Iron Ballista #17,0.29,0.00,,2026-05-03 18:01:56
Iron Ballista #17,0.29,0.00,,2026-05-03 19:33:40
Iron Ballista #17,0.29,0.00,,2026-05-03 23:51:37
Iron Ballista #17,0.22,37.50,+,2026-06-29 14:53:26
Iron Ballista [Foil] #17,1.49,0.00,,2026-04-29 17:48:23
Iron Ballista [Foil] #17,1.49,0.00,,2026-04-29 18:14:58
Iron Ballista [Foil] #17,1.49,0.00,,2026-05-01 00:15:53
Iron Ballista [Foil] #17,1.49,0.00,,2026-05-02 17:03:19
Iron Ballista [Foil] #17,1.49,0.00,,2026-05-03 18:01:56
Iron Ballista [Foil] #17,1.49,0.00,,2026-05-03 19:33:40
Iron Ballista [Foil] #17,1.49,0.00,,2026-05-03 23:51:37
Iron Ballista [Foil] #17,1.79,0.00,,2026-06-29 14:53:26
Noxus Saboteur [Foil] #18,0.25,0.00,,2026-04-29 17:48:23
Noxus Saboteur [Foil] #18,0.25,0.00,,2026-04-29 18:14:58
Noxus Saboteur [Foil] #18,0.25,0.00,,2026-05-01 00:15:53
Noxus Saboteur [Foil] #18,0.25,0.00,,2026-05-02 17:03:19
Noxus Saboteur [Foil] #18,0.25,0.00,,2026-05-03 18:01:56
Noxus Saboteur [Foil] #18,0.25,0.00,,2026-05-03 19:33:40
Noxus Saboteur [Foil] #18,0.25,0.00,,2026-05-03 23:51:37
Noxus Saboteur [Foil] #18,0.36,0.00,,2026-06-29 14:53:26
Raging Soul [Foil] #19,0.11,10.00,+,2026-04-29 17:48:23
Raging Soul [Foil] #19,0.11,10.00,+,2026-04-29 18:14:58
Raging Soul [Foil] #19,0.11,10.00,+,2026-05-01 00:15:53
Raging Soul [Foil] #19,0.11,10.00,+,2026-05-02 17:03:19
Raging Soul [Foil] #19,0.11,10.00,+,2026-05-03 18:01:56
Raging Soul [Foil] #19,0.11,10.00,+,2026-05-03 19:33:40
Raging Soul [Foil] #19,0.11,10.00,+,2026-05-03 23:51:37
Raging Soul [Foil] #19,0.99,22.20,+,2026-06-29 14:53:26
Sun Disc #21,1.25,0.00,,2026-04-29 17:48:24
Sun Disc #21,1.25,0.00,,2026-04-29 18:14:59
Sun Disc #21,1.25,0.00,,2026-05-01 00:15:54
Sun Disc #21,1.25,0.00,,2026-05-02 17:03:20
Sun Disc #21,1.25,0.00,,2026-05-03 18:01:56
Sun Disc #21,1.25,0.00,,2026-05-03 19:33:41
Sun Disc #21,1.25,0.00,,2026-05-03 23:51:38
Sun Disc #21,1.25,0.00,,2026-06-29 14:53:26
Sun Disc [Foil] #21,0.66,0.00,,2026-04-29 17:48:24
Sun Disc [Foil] #21,0.66,0.00,,2026-04-29 18:14:59
Sun Disc [Foil] #21,0.66,0.00,,2026-05-01 00:15:54
Sun Disc [Foil] #21,0.66,0.00,,2026-05-02 17:03:20
Sun Disc [Foil] #21,0.66,0.00,,2026-05-03 18:01:56
Sun Disc [Foil] #21,0.66,0.00,,2026-05-03 19:33:41
Sun Disc [Foil] #21,0.66,0.00,,2026-05-03 23:51:38
Sun Disc [Foil] #21,0.97,0.00,,2026-06-29 14:53:26
Thermo Beam #22,1.36,91.50,+,2026-04-29 17:48:24
Thermo Beam #22,1.36,91.50,+,2026-04-29 18:14:59
Thermo Beam #22,1.36,91.50,+,2026-05-01 00:15:54
Thermo Beam #22,1.59,16.90,+,2026-05-02 17:03:20
Thermo Beam #22,1.59,16.90,+,2026-05-03 18:01:56
Thermo Beam #22,1.59,16.90,+,2026-05-03 19:33:41
Thermo Beam #22,1.59,16.90,+,2026-05-03 23:51:38
Thermo Beam #22,1.51,5.00,-,2026-06-29 14:53:26
Thermo Beam [Foil] #22,2.22,0.00,,2026-04-29 17:48:24
Thermo Beam [Foil] #22,2.22,0.00,,2026-04-29 18:14:59
Thermo Beam [Foil] #22,2.22,0.00,,2026-05-01 00:15:54
Thermo Beam [Foil] #22,2.22,0.00,,2026-05-02 17:03:20
Thermo Beam [Foil] #22,2.22,0.00,,2026-05-03 18:01:56
Thermo Beam [Foil] #22,2.22,0.00,,2026-05-03 19:33:41
Thermo Beam [Foil] #22,2.22,0.00,,2026-05-03 23:51:38
Thermo Beam [Foil] #22,2.40,0.00,,2026-06-29 14:53:26
Unlicensed Armory [Foil] #23,0.50,2.00,+,2026-04-29 17:48:24
Unlicensed Armory [Foil] #23,0.50,2.00,+,2026-04-29 18:14:59
Unlicensed Armory [Foil] #23,0.50,2.00,+,2026-05-01 00:15:54
Unlicensed Armory [Foil] #23,0.50,2.00,+,2026-05-02 17:03:20
Unlicensed Armory [Foil] #23,0.50,2.00,+,2026-05-03 18:01:56
Unlicensed Armory [Foil] #23,0.50,2.00,+,2026-05-03 19:33:41
Unlicensed Armory [Foil] #23,0.50,2.00,+,2026-05-03 23:51:38
Unlicensed Armory [Foil] #23,0.90,2.30,+,2026-06-29 14:53:26
Ravenborn Tome [Foil] #32,1.06,7.80,-,2026-04-29 17:48:24
Ravenborn Tome [Foil] #32,1.06,7.80,-,2026-04-29 18:14:59
Ravenborn Tome [Foil] #32,1.06,0.00,,2026-05-01 00:15:54
Ravenborn Tome [Foil] #32,1.06,0.00,,2026-05-02 17:03:20
Ravenborn Tome [Foil] #32,1.06,0.00,,2026-05-03 18:01:56
Ravenborn Tome [Foil] #32,1.06,0.00,,2026-05-03 19:33:41
Ravenborn Tome [Foil] #32,1.06,0.00,,2026-05-03 23:51:38
Ravenborn Tome [Foil] #32,1.06,0.00,,2026-06-29 14:53:26
Shakedown [Foil] #33,1.04,0.00,,2026-04-29 17:48:24
Shakedown [Foil] #33,1.04,0.00,,2026-04-29 18:14:59
Shakedown [Foil] #33,1.04,0.00,,2026-05-01 00:15:54
Shakedown [Foil] #33,1.04,0.00,,2026-05-02 17:03:20
Shakedown [Foil] #33,1.04,0.00,,2026-05-03 18:01:56
Shakedown [Foil] #33,1.04,0.00,,2026-05-03 19:33:41
Shakedown [Foil] #33,1.04,0.00,,2026-05-03 23:51:38
Shakedown [Foil] #33,1.60,0.00,,2026-06-29 14:53:26
Calm Rune #42,0.16,20.00,-,2026-04-29 17:48:24
Calm Rune #42,0.16,20.00,-,2026-04-29 18:14:59
Calm Rune #42,0.16,20.00,-,2026-05-01 00:15:54
Calm Rune #42,0.15,6.30,-,2026-05-02 17:03:20
Calm Rune #42,0.15,6.30,-,2026-05-03 18:01:56
Calm Rune #42,0.15,6.30,-,2026-05-03 19:33:41
Calm Rune #42,0.15,6.30,-,2026-05-03 23:51:38
Calm Rune #42,0.12,14.30,-,2026-06-29 14:53:26
Charm #43,1.48,0.70,+,2026-04-29 17:48:24
Charm #43,1.48,0.70,+,2026-04-29 18:14:59
Charm #43,1.46,1.40,-,2026-05-01 00:15:54
Charm #43,1.46,1.40,-,2026-05-02 17:03:20
Charm #43,1.46,1.40,-,2026-05-03 18:01:56
Charm #43,1.46,1.40,-,2026-05-03 19:33:41
Charm #43,1.46,1.40,-,2026-05-03 23:51:38
Charm #43,1.47,7.50,-,2026-06-29 14:53:26
Charm [Foil] #43,6.29,10.50,+,2026-04-29 17:48:24
Charm [Foil] #43,6.29,10.50,+,2026-04-29 18:14:59
Charm [Foil] #43,6.29,10.50,+,2026-05-01 00:15:54
Charm [Foil] #43,6.10,3.00,-,2026-05-02 17:03:20
Charm [Foil] #43,6.10,3.00,-,2026-05-03 18:01:56
Charm [Foil] #43,6.10,3.00,-,2026-05-03 19:33:41
Charm [Foil] #43,6.10,3.00,-,2026-05-03 23:51:38
Charm [Foil] #43,5.00,0.00,,2026-06-29 14:53:26
Clockwork Keeper [Foil] #44,0.50,3.80,-,2026-04-29 17:48:24
Clockwork Keeper [Foil] #44,0.50,3.80,-,2026-04-29 18:14:59
Clockwork Keeper [Foil] #44,0.50,3.80,-,2026-05-01 00:15:54
Clockwork Keeper [Foil] #44,0.50,3.80,-,2026-05-02 17:03:20
Clockwork Keeper [Foil] #44,0.50,3.80,-,2026-05-03 18:01:56
Clockwork Keeper [Foil] #44,0.50,3.80,-,2026-05-03 19:33:41
Clockwork Keeper [Foil] #44,0.50,3.80,-,2026-05-03 23:51:38
Clockwork Keeper [Foil] #44,1.14,0.00,,2026-06-29 14:53:26
Defy #45,1.59,0.00,,2026-04-29 17:48:24
Defy #45,1.59,0.00,,2026-04-29 18:14:59
Defy #45,1.59,0.00,,2026-05-01 00:15:54
Defy #45,1.59,0.00,,2026-05-02 17:03:20
Defy #45,1.59,0.00,,2026-05-03 18:01:56
Defy #45,1.59,0.00,,2026-05-03 19:33:41
Defy #45,1.59,0.00,,2026-05-03 23:51:38
Defy #45,2.76,8.20,+,2026-06-29 14:53:26
En Garde #46,0.22,10.00,+,2026-04-29 17:48:24
En Garde #46,0.22,10.00,+,2026-04-29 18:14:59
En Garde #46,0.22,10.00,+,2026-05-01 00:15:54
En Garde #46,0.22,0.00,,2026-05-02 17:03:20
En Garde #46,0.22,0.00,,2026-05-03 18:01:56
En Garde #46,0.22,0.00,,2026-05-03 19:33:41
En Garde #46,0.22,0.00,,2026-05-03 23:51:38
En Garde #46,0.26,3.70,-,2026-06-29 14:53:26
En Garde [Foil] #46,1.80,0.00,,2026-04-29 17:48:24
En Garde [Foil] #46,1.80,0.00,,2026-04-29 18:14:59
En Garde [Foil] #46,1.89,5.00,+,2026-05-01 00:15:54
En Garde [Foil] #46,1.89,5.00,+,2026-05-02 17:03:20
En Garde [Foil] #46,1.89,5.00,+,2026-05-03 18:01:56
En Garde [Foil] #46,1.89,5.00,+,2026-05-03 19:33:41
En Garde [Foil] #46,1.89,5.00,+,2026-05-03 23:51:38
En Garde [Foil] #46,1.83,1.10,-,2026-06-29 14:53:26
Find Your Center #47,1.59,0.00,,2026-04-29 17:48:24
Find Your Center #47,1.59,0.00,,2026-04-29 18:14:59
Find Your Center #47,1.59,0.00,,2026-05-01 00:15:54
Find Your Center #47,1.59,0.00,,2026-05-02 17:03:20
Find Your Center #47,1.59,0.00,,2026-05-03 18:01:56
Find Your Center #47,1.59,0.00,,2026-05-03 19:33:41
Find Your Center #47,1.59,0.00,,2026-05-03 23:51:38
Find Your Center #47,1.59,0.00,,2026-06-29 14:53:26
Find Your Center [Foil] #47,0.99,0.00,,2026-04-29 17:48:24
Find Your Center [Foil] #47,0.99,0.00,,2026-04-29 18:14:59
Find Your Center [Foil] #47,0.99,0.00,,2026-05-01 00:15:54
Find Your Center [Foil] #47,0.99,0.00,,2026-05-02 17:03:20
Find Your Center [Foil] #47,0.99,0.00,,2026-05-03 18:01:56
Find Your Center [Foil] #47,0.99,0.00,,2026-05-03 19:33:41
Find Your Center [Foil] #47,0.99,0.00,,2026-05-03 23:51:38
Find Your Center [Foil] #47,1.82,78.40,+,2026-06-29 14:53:26
Solari Shieldbearer [Foil] #51,1.38,0.00,,2026-04-29 17:48:24
Solari Shieldbearer [Foil] #51,1.38,0.00,,2026-04-29 18:14:59
Solari Shieldbearer [Foil] #51,1.38,0.00,,2026-05-01 00:15:54
Solari Shieldbearer [Foil] #51,1.38,0.00,,2026-05-02 17:03:20
Solari Shieldbearer [Foil] #51,1.38,0.00,,2026-05-03 18:01:56
Solari Shieldbearer [Foil] #51,1.38,0.00,,2026-05-03 19:33:41
Solari Shieldbearer [Foil] #51,1.38,0.00,,2026-05-03 23:51:38
Solari Shieldbearer [Foil] #51,1.38,0.00,,2026-06-29 14:53:26
Sunlit Guardian #54,1.20,0.00,,2026-04-29 17:48:24
Sunlit Guardian #54,1.20,0.00,,2026-04-29 18:14:59
Sunlit Guardian #54,1.20,0.00,,2026-05-01 00:15:54
Sunlit Guardian #54,1.20,0.00,,2026-05-02 17:03:20
Sunlit Guardian #54,1.20,0.00,,2026-05-03 18:01:56
Sunlit Guardian #54,1.20,0.00,,2026-05-03 19:33:41
Sunlit Guardian #54,1.20,0.00,,2026-05-03 23:51:38
Sunlit Guardian #54,1.25,4.20,+,2026-06-29 14:53:26
Sunlit Guardian [Foil] #54,0.27,0.00,,2026-04-29 17:48:24
Sunlit Guardian [Foil] #54,0.27,0.00,,2026-04-29 18:14:59
Sunlit Guardian [Foil] #54,0.27,0.00,,2026-05-01 00:15:54
Sunlit Guardian [Foil] #54,0.27,0.00,,2026-05-02 17:03:20
Sunlit Guardian [Foil] #54,0.27,0.00,,2026-05-03 18:01:56
Sunlit Guardian [Foil] #54,0.27,0.00,,2026-05-03 19:33:41
Sunlit Guardian [Foil] #54,0.27,0.00,,2026-05-03 23:51:38
Sunlit Guardian [Foil] #54,1.09,10.10,+,2026-06-29 14:53:26
Adaptatron #56,1.49,6.30,-,2026-04-29 17:48:24
Adaptatron #56,1.49,6.30,-,2026-04-29 18:14:59
Adaptatron #56,1.49,6.30,-,2026-05-01 00:15:54
Adaptatron #56,1.49,6.30,-,2026-05-02 17:03:20
Adaptatron #56,1.49,0.00,,2026-05-03 18:01:56
Adaptatron #56,1.49,0.00,,2026-05-03 19:33:41
Adaptatron #56,1.49,0.00,,2026-05-03 23:51:38
Adaptatron #56,1.54,3.40,+,2026-06-29 14:53:26
Block [Foil] #57,0.85,0.00,,2026-04-29 17:48:24
Block [Foil] #57,0.85,0.00,,2026-04-29 18:14:59
Block [Foil] #57,0.85,0.00,,2026-05-01 00:15:54
Block [Foil] #57,0.85,0.00,,2026-05-02 17:03:20
Block [Foil] #57,0.85,0.00,,2026-05-03 18:01:56
Block [Foil] #57,0.85,0.00,,2026-05-03 19:33:41
Block [Foil] #57,0.85,0.00,,2026-05-03 23:51:38
Block [Foil] #57,1.43,0.00,,2026-06-29 14:53:27
Discipline #58,1.59,0.00,,2026-04-29 17:48:24
Discipline #58,1.59,0.00,,2026-04-29 18:14:59
Discipline #58,1.59,0.00,,2026-05-01 00:15:54
Discipline #58,1.59,0.00,,2026-05-02 17:03:20
Discipline #58,1.59,0.00,,2026-05-03 18:01:56
Discipline #58,1.59,0.00,,2026-05-03 19:33:41
Discipline #58,1.59,0.00,,2026-05-03 23:51:38
Discipline #58,1.59,0.00,,2026-06-29 14:53:27
Discipline [Foil] #58,2.22,0.90,-,2026-04-29 17:48:24
Discipline [Foil] #58,2.22,0.90,-,2026-04-29 18:14:59
Discipline [Foil] #58,2.17,2.30,-,2026-05-01 00:15:54
Discipline [Foil] #58,2.17,2.30,-,2026-05-02 17:03:20
Discipline [Foil] #58,2.17,2.30,-,2026-05-03 18:01:56
Discipline [Foil] #58,2.17,2.30,-,2026-05-03 19:33:41
Discipline [Foil] #58,2.17,2.30,-,2026-05-03 23:51:38
Discipline [Foil] #58,2.27,14.10,+,2026-06-29 14:53:27
Discipline [Promo] #58,1.53,0.00,,2026-04-29 17:48:24
Discipline [Promo] #58,1.53,0.00,,2026-04-29 18:14:59
Discipline [Promo] #58,1.53,0.00,,2026-05-01 00:15:54
Discipline [Promo] #58,1.40,8.50,-,2026-05-02 17:03:20
Discipline [Promo] #58,1.40,8.50,-,2026-05-03 18:01:56
Discipline [Promo] #58,1.40,8.50,-,2026-05-03 19:33:41
Discipline [Promo] #58,1.40,8.50,-,2026-05-03 23:51:38
Eclipse Herald #59,0.36,0.00,,2026-04-29 17:48:24
Eclipse Herald #59,0.36,0.00,,2026-04-29 18:14:59
Eclipse Herald #59,0.36,0.00,,2026-05-01 00:15:54
Eclipse Herald #59,0.36,0.00,,2026-05-02 17:03:20
Eclipse Herald #59,0.20,44.40,-,2026-05-03 18:01:56
Eclipse Herald #59,0.20,44.40,-,2026-05-03 19:33:41
Eclipse Herald #59,0.20,44.40,-,2026-05-03 23:51:38
Eclipse Herald #59,0.16,14.30,+,2026-06-29 14:53:27
Eclipse Herald [Foil] #59,1.44,0.00,,2026-04-29 17:48:24
Eclipse Herald [Foil] #59,1.44,0.00,,2026-04-29 18:14:59
Eclipse Herald [Foil] #59,1.44,0.00,,2026-05-01 00:15:54
Eclipse Herald [Foil] #59,1.44,0.00,,2026-05-02 17:03:20
Eclipse Herald [Foil] #59,1.44,0.00,,2026-05-03 18:01:56
Eclipse Herald [Foil] #59,1.44,0.00,,2026-05-03 19:33:41
Eclipse Herald [Foil] #59,1.44,0.00,,2026-05-03 23:51:38
Eclipse Herald [Foil] #59,1.44,0.00,,2026-06-29 14:53:27
Mask of Foresight [Foil] #60,0.30,0.00,,2026-04-29 17:48:24
Mask of Foresight [Foil] #60,0.30,0.00,,2026-04-29 18:14:59
Mask of Foresight [Foil] #60,0.30,0.00,,2026-05-01 00:15:54
Mask of Foresight [Foil] #60,0.30,0.00,,2026-05-02 17:03:20
Mask of Foresight [Foil] #60,0.30,0.00,,2026-05-03 18:01:56
Mask of Foresight [Foil] #60,0.30,0.00,,2026-05-03 19:33:41
Mask of Foresight [Foil] #60,0.30,0.00,,2026-05-03 23:51:38
Mask of Foresight [Foil] #60,0.63,0.00,,2026-06-29 14:53:27
Poro Herder [Foil] #61,0.15,0.00,,2026-04-29 17:48:24
Poro Herder [Foil] #61,0.15,0.00,,2026-04-29 18:14:59
Poro Herder [Foil] #61,0.15,0.00,,2026-05-01 00:15:54
Poro Herder [Foil] #61,0.41,173.30,+,2026-05-02 17:03:20
Poro Herder [Foil] #61,0.41,173.30,+,2026-05-03 18:01:57
Poro Herder [Foil] #61,0.41,173.30,+,2026-05-03 19:33:41
Poro Herder [Foil] #61,0.41,173.30,+,2026-05-03 23:51:38
Poro Herder [Foil] #61,0.64,0.00,,2026-06-29 14:53:27
Reinforce [Foil] #62,0.41,0.00,,2026-04-29 17:48:24
Reinforce [Foil] #62,0.41,0.00,,2026-04-29 18:14:59
Reinforce [Foil] #62,0.41,0.00,,2026-05-01 00:15:54
Reinforce [Foil] #62,0.41,0.00,,2026-05-02 17:03:20
Reinforce [Foil] #62,0.41,0.00,,2026-05-03 18:01:57
Reinforce [Foil] #62,0.41,0.00,,2026-05-03 19:33:41
Reinforce [Foil] #62,0.41,0.00,,2026-05-03 23:51:38
Reinforce [Foil] #62,1.23,4.70,-,2026-06-29 14:53:27
Spirit's Refuge [Foil] #63,0.96,3.00,-,2026-04-29 17:48:24
Spirit's Refuge [Foil] #63,0.96,3.00,-,2026-04-29 18:14:59
Spirit's Refuge [Foil] #63,0.96,3.00,-,2026-05-01 00:15:54
Spirit's Refuge [Foil] #63,0.96,3.00,-,2026-05-02 17:03:20
Spirit's Refuge [Foil] #63,0.96,3.00,-,2026-05-03 18:01:57
Spirit's Refuge [Foil] #63,0.96,3.00,-,2026-05-03 19:33:41
Spirit's Refuge [Foil] #63,0.96,3.00,-,2026-05-03 23:51:38
Spirit's Refuge [Foil] #63,1.49,0.00,,2026-06-29 14:53:27
Wind Wall #64,1.99,0.00,,2026-04-29 17:48:24
Wind Wall #64,1.99,0.00,,2026-04-29 18:14:59
Wind Wall #64,1.99,0.00,,2026-05-01 00:15:54
Wind Wall #64,1.99,0.00,,2026-05-02 17:03:20
Wind Wall #64,1.99,0.00,,2026-05-03 18:01:57
Wind Wall #64,1.99,0.00,,2026-05-03 19:33:41
Wind Wall #64,1.99,0.00,,2026-05-03 23:51:38
Wind Wall #64,1.85,7.00,-,2026-06-29 14:53:27
Wind Wall [Foil] #64,4.52,0.00,,2026-04-29 17:48:24
Wind Wall [Foil] #64,4.52,0.00,,2026-04-29 18:14:59
Wind Wall [Foil] #64,4.52,0.00,,2026-05-01 00:15:54
Wind Wall [Foil] #64,4.62,2.20,+,2026-05-02 17:03:20
Wind Wall [Foil] #64,4.62,2.20,+,2026-05-03 18:01:57
Wind Wall [Foil] #64,4.62,2.20,+,2026-05-03 19:33:41
Wind Wall [Foil] #64,4.62,2.20,+,2026-05-03 23:51:38
Wind Wall [Foil] #64,4.47,5.20,+,2026-06-29 14:53:27
Wizened Elder #65,0.20,35.50,-,2026-04-29 17:48:24
Wizened Elder #65,0.20,35.50,-,2026-04-29 18:14:59
Wizened Elder #65,0.20,35.50,-,2026-05-01 00:15:54
Wizened Elder #65,0.20,35.50,-,2026-05-02 17:03:20
Wizened Elder #65,0.18,10.00,-,2026-05-03 18:01:57
Wizened Elder #65,0.18,10.00,-,2026-05-03 19:33:41
Wizened Elder #65,0.18,10.00,-,2026-05-03 23:51:38
Wizened Elder #65,0.14,16.70,+,2026-06-29 14:53:27
Wizened Elder [Foil] #65,1.32,0.80,-,2026-04-29 17:48:24
Wizened Elder [Foil] #65,1.32,0.80,-,2026-04-29 18:14:59
Wizened Elder [Foil] #65,1.32,0.80,-,2026-05-01 00:15:54
Wizened Elder [Foil] #65,1.32,0.00,,2026-05-02 17:03:20
Wizened Elder [Foil] #65,1.32,0.00,,2026-05-03 18:01:57
Wizened Elder [Foil] #65,1.32,0.00,,2026-05-03 19:33:41
Wizened Elder [Foil] #65,1.32,0.00,,2026-05-03 23:51:38
Wizened Elder [Foil] #65,1.45,0.00,,2026-06-29 14:53:27
Consult the Past #83,1.36,1.50,+,2026-04-29 17:48:24
Consult the Past #83,1.36,1.50,+,2026-04-29 18:14:59
Consult the Past #83,1.36,1.50,+,2026-05-01 00:15:54
Consult the Past #83,1.36,1.50,+,2026-05-02 17:03:20
Consult the Past #83,1.36,1.50,+,2026-05-03 18:01:57
Consult the Past #83,1.36,1.50,+,2026-05-03 19:33:41
Consult the Past #83,1.36,1.50,+,2026-05-03 23:51:38
Consult the Past #83,1.27,6.60,-,2026-06-29 14:53:27
Eager Apprentice #84,1.23,1.60,-,2026-04-29 17:48:24
Eager Apprentice #84,1.23,1.60,-,2026-04-29 18:14:59
Eager Apprentice #84,1.23,1.60,-,2026-05-01 00:15:54
Eager Apprentice #84,1.23,1.60,-,2026-05-02 17:03:20
Eager Apprentice #84,1.23,1.60,-,2026-05-03 18:01:57
Eager Apprentice #84,1.23,1.60,-,2026-05-03 19:33:41
Eager Apprentice #84,1.23,1.60,-,2026-05-03 23:51:38
Eager Apprentice #84,1.11,4.30,-,2026-06-29 14:53:27
Lecturing Yordle [Foil] #87,1.60,0.60,-,2026-04-29 17:48:24
Lecturing Yordle [Foil] #87,1.60,0.60,-,2026-04-29 18:14:59
Lecturing Yordle [Foil] #87,1.60,0.60,-,2026-05-01 00:15:54
Lecturing Yordle [Foil] #87,1.90,18.70,+,2026-05-02 17:03:20
Lecturing Yordle [Foil] #87,1.90,18.70,+,2026-05-03 18:01:57
Lecturing Yordle [Foil] #87,1.90,18.70,+,2026-05-03 19:33:41
Lecturing Yordle [Foil] #87,1.90,18.70,+,2026-05-03 23:51:38
Lecturing Yordle [Foil] #87,1.59,19.70,-,2026-06-29 14:53:27
Mega-Mech [Foil] #88,0.11,0.00,,2026-04-29 17:48:24
Mega-Mech [Foil] #88,0.11,0.00,,2026-04-29 18:14:59
Mega-Mech [Foil] #88,0.11,0.00,,2026-05-01 00:15:54
Mega-Mech [Foil] #88,0.11,0.00,,2026-05-02 17:03:20
Mega-Mech [Foil] #88,0.11,0.00,,2026-05-03 18:01:57
Mega-Mech [Foil] #88,0.11,0.00,,2026-05-03 19:33:41
Mega-Mech [Foil] #88,0.11,0.00,,2026-05-03 23:51:38
Mega-Mech [Foil] #88,0.34,0.00,,2026-06-29 14:53:27
Pit Crew [Foil] #91,1.06,0.00,,2026-04-29 17:48:24
Pit Crew [Foil] #91,1.06,0.00,,2026-04-29 18:14:59
Pit Crew [Foil] #91,1.06,0.00,,2026-05-01 00:15:54
Pit Crew [Foil] #91,1.06,0.00,,2026-05-02 17:03:20
Pit Crew [Foil] #91,1.07,0.90,+,2026-05-03 18:01:57
Pit Crew [Foil] #91,1.07,0.90,+,2026-05-03 19:33:41
Pit Crew [Foil] #91,1.07,0.90,+,2026-05-03 23:51:38
Pit Crew [Foil] #91,1.64,15.50,-,2026-06-29 14:53:27
Riptide Rex [Foil] #92,1.62,0.00,,2026-04-29 17:48:24
Riptide Rex [Foil] #92,1.62,0.00,,2026-04-29 18:14:59
Riptide Rex [Foil] #92,1.62,0.00,,2026-05-01 00:15:54
Riptide Rex [Foil] #92,1.62,0.00,,2026-05-02 17:03:20
Riptide Rex [Foil] #92,1.62,0.00,,2026-05-03 18:01:57
Riptide Rex [Foil] #92,1.62,0.00,,2026-05-03 19:33:41
Riptide Rex [Foil] #92,1.62,0.00,,2026-05-03 23:51:38
Riptide Rex [Foil] #92,1.60,17.10,-,2026-06-29 14:53:27
Smoke Screen #93,0.99,0.00,,2026-04-29 17:48:24
Smoke Screen #93,0.99,0.00,,2026-04-29 18:14:59
Smoke Screen #93,0.99,0.00,,2026-05-01 00:15:54
Smoke Screen #93,0.99,0.00,,2026-05-02 17:03:20
Smoke Screen #93,0.99,0.00,,2026-05-03 18:01:57
Smoke Screen #93,0.99,0.00,,2026-05-03 19:33:41
Smoke Screen #93,0.99,0.00,,2026-05-03 23:51:38
Smoke Screen #93,0.99,0.00,,2026-06-29 14:53:27
Smoke Screen [Foil] #93,1.00,4.80,-,2026-04-29 17:48:24
Smoke Screen [Foil] #93,1.00,4.80,-,2026-04-29 18:14:59
Smoke Screen [Foil] #93,1.00,4.80,-,2026-05-01 00:15:54
Smoke Screen [Foil] #93,1.00,0.00,,2026-05-02 17:03:20
Smoke Screen [Foil] #93,1.00,0.00,,2026-05-03 18:01:57
Smoke Screen [Foil] #93,1.00,0.00,,2026-05-03 19:33:41
Smoke Screen [Foil] #93,1.00,0.00,,2026-05-03 23:51:38
Smoke Screen [Foil] #93,1.27,1.60,+,2026-06-29 14:53:27
Stupefy #95,2.60,116.70,+,2026-04-29 17:48:24
Stupefy #95,2.60,116.70,+,2026-04-29 18:14:59
Stupefy #95,2.60,0.00,,2026-05-01 00:15:54
Stupefy #95,2.60,0.00,,2026-05-02 17:03:20
Stupefy #95,2.60,0.00,,2026-05-03 18:01:57
Stupefy #95,2.60,0.00,,2026-05-03 19:33:41
Stupefy #95,2.60,0.00,,2026-05-03 23:51:38
Stupefy #95,1.59,32.50,+,2026-06-29 14:53:27
Watchful Sentry [Foil] #96,1.80,1.60,-,2026-04-29 17:48:24
Watchful Sentry [Foil] #96,1.80,1.60,-,2026-04-29 18:14:59
Watchful Sentry [Foil] #96,1.80,1.60,-,2026-05-01 00:15:54
Watchful Sentry [Foil] #96,1.80,1.60,-,2026-05-02 17:03:20
Watchful Sentry [Foil] #96,1.80,1.60,-,2026-05-03 18:01:57
Watchful Sentry [Foil] #96,1.80,1.60,-,2026-05-03 19:33:41
Watchful Sentry [Foil] #96,1.80,1.60,-,2026-05-03 23:51:38
Watchful Sentry [Foil] #96,2.00,0.00,,2026-06-29 14:53:27
Blastcone Fae #97,1.10,0.00,,2026-04-29 17:48:24
Blastcone Fae #97,1.10,0.00,,2026-04-29 18:14:59
Blastcone Fae #97,1.10,0.00,,2026-05-01 00:15:54
Blastcone Fae #97,1.10,0.00,,2026-05-02 17:03:20
Blastcone Fae #97,1.10,0.00,,2026-05-03 18:01:57
Blastcone Fae #97,1.10,0.00,,2026-05-03 19:33:41
Blastcone Fae #97,1.10,0.00,,2026-05-03 23:51:38
Blastcone Fae #97,1.10,0.00,,2026-06-29 14:53:27
Blastcone Fae [Foil] #97,1.15,47.40,+,2026-04-29 17:48:24
Blastcone Fae [Foil] #97,1.15,47.40,+,2026-04-29 18:14:59
Blastcone Fae [Foil] #97,1.15,47.40,+,2026-05-01 00:15:54
Blastcone Fae [Foil] #97,1.15,47.40,+,2026-05-02 17:03:20
Blastcone Fae [Foil] #97,1.16,0.90,+,2026-05-03 18:01:57
Blastcone Fae [Foil] #97,1.16,0.90,+,2026-05-03 19:33:41
Blastcone Fae [Foil] #97,1.16,0.90,+,2026-05-03 23:51:38
Blastcone Fae [Foil] #97,1.07,2.70,-,2026-06-29 14:53:27
Energy Conduit [Foil] #98,0.25,0.00,,2026-04-29 17:48:24
Energy Conduit [Foil] #98,0.25,0.00,,2026-04-29 18:14:59
Energy Conduit [Foil] #98,0.25,0.00,,2026-05-01 00:15:54
Energy Conduit [Foil] #98,0.25,0.00,,2026-05-02 17:03:20
Energy Conduit [Foil] #98,0.25,0.00,,2026-05-03 18:01:57
Energy Conduit [Foil] #98,0.25,0.00,,2026-05-03 19:33:41
Energy Conduit [Foil] #98,0.25,0.00,,2026-05-03 23:51:38
Energy Conduit [Foil] #98,0.39,0.00,,2026-06-29 14:53:27
Garbage Grabber #99,1.30,0.00,,2026-04-29 17:48:24
Garbage Grabber #99,1.30,0.00,,2026-04-29 18:14:59
Garbage Grabber #99,1.30,0.00,,2026-05-01 00:15:54
Garbage Grabber #99,1.30,0.00,,2026-05-02 17:03:20
Garbage Grabber #99,1.30,0.00,,2026-05-03 18:01:57
Garbage Grabber #99,1.30,0.00,,2026-05-03 19:33:41
Garbage Grabber #99,1.30,0.00,,2026-05-03 23:51:38
Garbage Grabber #99,1.28,0.00,,2026-06-29 14:53:27
Garbage Grabber [Foil] #99,0.25,0.00,,2026-04-29 17:48:24
Garbage Grabber [Foil] #99,0.25,0.00,,2026-04-29 18:14:59
Garbage Grabber [Foil] #99,0.25,0.00,,2026-05-01 00:15:54
Garbage Grabber [Foil] #99,0.25,0.00,,2026-05-02 17:03:20
Garbage Grabber [Foil] #99,0.25,0.00,,2026-05-03 18:01:57
Garbage Grabber [Foil] #99,0.25,0.00,,2026-05-03 19:33:41
Garbage Grabber [Foil] #99,0.25,0.00,,2026-05-03 23:51:38
Garbage Grabber [Foil] #99,0.80,63.30,+,2026-06-29 14:53:27
Gemcraft Seer [Foil] #100,0.19,0.00,,2026-04-29 17:48:24
Gemcraft Seer [Foil] #100,0.19,0.00,,2026-04-29 18:14:59
Gemcraft Seer [Foil] #100,0.19,0.00,,2026-05-01 00:15:55
Gemcraft Seer [Foil] #100,0.19,0.00,,2026-05-02 17:03:21
Gemcraft Seer [Foil] #100,0.19,0.00,,2026-05-03 18:01:57
Gemcraft Seer [Foil] #100,0.19,0.00,,2026-05-03 19:33:41
Gemcraft Seer [Foil] #100,0.19,0.00,,2026-05-03 23:51:39
Gemcraft Seer [Foil] #100,0.49,2.10,+,2026-06-29 14:53:27
Mushroom Pouch [Foil] #101,0.25,0.00,,2026-04-29 17:48:25
Mushroom Pouch [Foil] #101,0.25,0.00,,2026-04-29 18:14:59
Mushroom Pouch [Foil] #101,0.25,0.00,,2026-05-01 00:15:55
Mushroom Pouch [Foil] #101,0.25,0.00,,2026-05-02 17:03:21
Mushroom Pouch [Foil] #101,0.25,0.00,,2026-05-03 18:01:57
Mushroom Pouch [Foil] #101,0.25,0.00,,2026-05-03 19:33:41
Mushroom Pouch [Foil] #101,0.25,0.00,,2026-05-03 23:51:39
Mushroom Pouch [Foil] #101,0.38,0.00,,2026-06-29 14:53:27
Portal Rescue #102,1.05,0.00,,2026-04-29 17:48:25
Portal Rescue #102,1.05,0.00,,2026-04-29 18:14:59
Portal Rescue #102,1.05,0.00,,2026-05-01 00:15:55
Portal Rescue #102,1.05,0.00,,2026-05-02 17:03:21
Portal Rescue #102,1.05,0.00,,2026-05-03 18:01:57
Portal Rescue #102,1.05,0.00,,2026-05-03 19:33:41
Portal Rescue #102,1.05,0.00,,2026-05-03 23:51:39
Portal Rescue #102,1.05,0.00,,2026-06-29 14:53:27
Portal Rescue [Foil] #102,0.22,0.00,,2026-04-29 17:48:25
Portal Rescue [Foil] #102,0.22,0.00,,2026-04-29 18:14:59
Portal Rescue [Foil] #102,0.22,0.00,,2026-05-01 00:15:55
Portal Rescue [Foil] #102,0.22,0.00,,2026-05-02 17:03:21
Portal Rescue [Foil] #102,0.22,0.00,,2026-05-03 18:01:57
Portal Rescue [Foil] #102,0.22,0.00,,2026-05-03 19:33:41
Portal Rescue [Foil] #102,0.22,0.00,,2026-05-03 23:51:39
Portal Rescue [Foil] #102,0.88,41.90,+,2026-06-29 14:53:27
Ravenbloom Student #103,0.52,30.70,-,2026-04-29 17:48:25
Ravenbloom Student #103,0.52,30.70,-,2026-04-29 18:14:59
Ravenbloom Student #103,0.52,30.70,-,2026-05-01 00:15:55
Ravenbloom Student #103,0.52,30.70,-,2026-05-02 17:03:21
Ravenbloom Student #103,0.52,30.70,-,2026-05-03 18:01:57
Ravenbloom Student #103,0.52,30.70,-,2026-05-03 19:33:41
Ravenbloom Student #103,0.52,30.70,-,2026-05-03 23:51:39
Ravenbloom Student #103,0.43,2.30,-,2026-06-29 14:53:27
Retreat #104,2.14,7.50,+,2026-04-29 17:48:25
Retreat #104,2.14,7.50,+,2026-04-29 18:14:59
Retreat #104,2.28,6.50,+,2026-05-01 00:15:55
Retreat #104,2.28,6.50,+,2026-05-02 17:03:21
Retreat #104,2.28,6.50,+,2026-05-03 18:01:57
Retreat #104,2.28,6.50,+,2026-05-03 19:33:41
Retreat #104,2.28,6.50,+,2026-05-03 23:51:39
Retreat #104,1.99,6.40,+,2026-06-29 14:53:27
Retreat [Foil] #104,7.00,0.00,,2026-04-29 17:48:25
Retreat [Foil] #104,7.00,0.00,,2026-04-29 18:14:59
Retreat [Foil] #104,7.00,0.00,,2026-05-01 00:15:55
Retreat [Foil] #104,7.00,0.00,,2026-05-02 17:03:21
Retreat [Foil] #104,7.00,0.00,,2026-05-03 18:01:57
Retreat [Foil] #104,7.00,0.00,,2026-05-03 19:33:41
Retreat [Foil] #104,7.00,0.00,,2026-05-03 23:51:39
Retreat [Foil] #104,3.39,28.20,-,2026-06-29 14:53:27
Singularity #105,3.85,0.50,+,2026-04-29 17:48:25
Singularity #105,3.85,0.50,+,2026-04-29 18:14:59
Singularity #105,3.19,17.10,-,2026-05-01 00:15:55
Singularity #105,3.19,17.10,-,2026-05-02 17:03:21
Singularity #105,3.19,17.10,-,2026-05-03 18:01:57
Singularity #105,3.19,17.10,-,2026-05-03 19:33:41
Singularity #105,3.19,17.10,-,2026-05-03 23:51:39
Singularity #105,2.37,0.00,,2026-06-29 14:53:27
Sprite Mother #106,1.30,30.00,+,2026-04-29 17:48:25
Sprite Mother #106,1.30,30.00,+,2026-04-29 18:14:59
Sprite Mother #106,1.30,30.00,+,2026-05-01 00:15:55
Sprite Mother #106,1.30,30.00,+,2026-05-02 17:03:21
Sprite Mother #106,1.30,30.00,+,2026-05-03 18:01:57
Sprite Mother #106,1.30,30.00,+,2026-05-03 19:33:41
Sprite Mother #106,1.30,30.00,+,2026-05-03 23:51:39
Sprite Mother #106,1.59,5.90,-,2026-06-29 14:53:27
Challenge #128,1.25,0.80,-,2026-04-29 17:48:25
Challenge #128,1.25,0.80,-,2026-04-29 18:14:59
Challenge #128,1.25,0.80,-,2026-05-01 00:15:55
Challenge #128,1.25,0.80,-,2026-05-02 17:03:21
Challenge #128,1.25,0.80,-,2026-05-03 18:01:57
Challenge #128,1.25,0.80,-,2026-05-03 19:33:41
Challenge #128,1.25,0.80,-,2026-05-03 23:51:39
Challenge #128,1.25,0.00,,2026-06-29 14:53:27
Confront [Foil] #129,1.42,0.70,+,2026-04-29 17:48:25
Confront [Foil] #129,1.42,0.70,+,2026-04-29 18:14:59
Confront [Foil] #129,1.42,0.70,+,2026-05-01 00:15:55
Confront [Foil] #129,1.42,0.70,+,2026-05-02 17:03:21
Confront [Foil] #129,1.39,2.10,-,2026-05-03 18:01:57
Confront [Foil] #129,1.39,2.10,-,2026-05-03 19:33:41
Confront [Foil] #129,1.39,2.10,-,2026-05-03 23:51:39
Confront [Foil] #129,1.38,0.70,-,2026-06-29 14:53:27
First Mate #132,1.26,0.00,,2026-04-29 17:48:25
First Mate #132,1.26,0.00,,2026-04-29 18:14:59
First Mate #132,1.26,0.00,,2026-05-01 00:15:55
First Mate #132,1.26,0.00,,2026-05-02 17:03:21
First Mate #132,1.26,0.00,,2026-05-03 18:01:57
First Mate #132,1.26,0.00,,2026-05-03 19:33:41
First Mate #132,1.26,0.00,,2026-05-03 23:51:39
First Mate #132,1.26,22.70,-,2026-06-29 14:53:27
First Mate [Foil] #132,1.25,0.00,,2026-04-29 17:48:25
First Mate [Foil] #132,1.25,0.00,,2026-04-29 18:14:59
First Mate [Foil] #132,1.25,0.00,,2026-05-01 00:15:55
First Mate [Foil] #132,1.25,0.00,,2026-05-02 17:03:21
First Mate [Foil] #132,1.25,0.00,,2026-05-03 18:01:57
First Mate [Foil] #132,1.25,0.00,,2026-05-03 19:33:41
First Mate [Foil] #132,1.25,0.00,,2026-05-03 23:51:39
First Mate [Foil] #132,2.16,17.40,+,2026-06-29 14:53:27
Pit Rookie [Foil] #136,1.96,2.00,-,2026-04-29 17:48:25
Pit Rookie [Foil] #136,1.96,2.00,-,2026-04-29 18:14:59
Pit Rookie [Foil] #136,1.96,2.00,-,2026-05-01 00:15:55
Pit Rookie [Foil] #136,1.96,2.00,-,2026-05-02 17:03:21
Pit Rookie [Foil] #136,1.96,2.00,-,2026-05-03 18:01:57
Pit Rookie [Foil] #136,1.96,2.00,-,2026-05-03 19:33:41
Pit Rookie [Foil] #136,1.96,2.00,-,2026-05-03 23:51:39
Pit Rookie [Foil] #136,1.99,0.00,,2026-06-29 14:53:27
Catalyst of Aeons #138,1.57,1.30,-,2026-04-29 17:48:25
Catalyst of Aeons #138,1.57,1.30,-,2026-04-29 18:14:59
Catalyst of Aeons #138,1.57,1.30,-,2026-05-01 00:15:55
Catalyst of Aeons #138,1.57,1.30,-,2026-05-02 17:03:21
Catalyst of Aeons #138,1.57,1.30,-,2026-05-03 18:01:57
Catalyst of Aeons #138,1.57,1.30,-,2026-05-03 19:33:41
Catalyst of Aeons #138,1.57,1.30,-,2026-05-03 23:51:39
Catalyst of Aeons #138,1.76,1.10,-,2026-06-29 14:53:27
Catalyst of Aeons [Foil] #138,2.30,12.20,+,2026-04-29 17:48:25
Catalyst of Aeons [Foil] #138,2.30,12.20,+,2026-04-29 18:14:59
Catalyst of Aeons [Foil] #138,2.30,12.20,+,2026-05-01 00:15:55
Catalyst of Aeons [Foil] #138,2.30,12.20,+,2026-05-02 17:03:21
Catalyst of Aeons [Foil] #138,2.30,12.20,+,2026-05-03 18:01:57
Catalyst of Aeons [Foil] #138,2.30,12.20,+,2026-05-03 19:33:41
Catalyst of Aeons [Foil] #138,2.30,12.20,+,2026-05-03 23:51:39
Catalyst of Aeons [Foil] #138,4.25,0.00,,2026-06-29 14:53:27
Cithria of Cloudfield [Foil] #139,0.77,0.00,,2026-04-29 17:48:25
Cithria of Cloudfield [Foil] #139,0.77,0.00,,2026-04-29 18:14:59
Cithria of Cloudfield [Foil] #139,0.77,0.00,,2026-05-01 00:15:55
Cithria of Cloudfield [Foil] #139,0.77,0.00,,2026-05-02 17:03:21
Cithria of Cloudfield [Foil] #139,0.77,0.00,,2026-05-03 18:01:57
Cithria of Cloudfield [Foil] #139,0.77,0.00,,2026-05-03 19:33:41
Cithria of Cloudfield [Foil] #139,0.77,0.00,,2026-05-03 23:51:39
Cithria of Cloudfield [Foil] #139,1.48,19.40,+,2026-06-29 14:53:27
Herald of Scales [Foil] #140,0.66,4.80,+,2026-04-29 17:48:25
Herald of Scales [Foil] #140,0.66,4.80,+,2026-04-29 18:14:59
Herald of Scales [Foil] #140,0.66,4.80,+,2026-05-01 00:15:55
Herald of Scales [Foil] #140,0.66,4.80,+,2026-05-02 17:03:21
Herald of Scales [Foil] #140,0.66,4.80,+,2026-05-03 18:01:57
Herald of Scales [Foil] #140,0.66,4.80,+,2026-05-03 19:33:41
Herald of Scales [Foil] #140,0.66,4.80,+,2026-05-03 23:51:39
Herald of Scales [Foil] #140,1.15,0.00,,2026-06-29 14:53:27
Kinkou Monk #141,1.00,0.00,,2026-04-29 17:48:25
Kinkou Monk #141,1.00,0.00,,2026-04-29 18:15:00
Kinkou Monk #141,1.00,0.00,,2026-05-01 00:15:55
Kinkou Monk #141,1.00,0.00,,2026-05-02 17:03:21
Kinkou Monk #141,1.00,0.00,,2026-05-03 18:01:57
Kinkou Monk #141,1.00,0.00,,2026-05-03 19:33:41
Kinkou Monk #141,1.00,0.00,,2026-05-03 23:51:39
Kinkou Monk #141,1.13,0.00,,2026-06-29 14:53:27
Kinkou Monk [Foil] #141,1.27,1.60,-,2026-04-29 17:48:25
Kinkou Monk [Foil] #141,1.27,1.60,-,2026-04-29 18:15:00
Kinkou Monk [Foil] #141,1.27,1.60,-,2026-05-01 00:15:55
Kinkou Monk [Foil] #141,1.27,1.60,-,2026-05-02 17:03:21
Kinkou Monk [Foil] #141,1.27,1.60,-,2026-05-03 18:01:58
Kinkou Monk [Foil] #141,1.27,1.60,-,2026-05-03 19:33:41
Kinkou Monk [Foil] #141,1.27,1.60,-,2026-05-03 23:51:39
Kinkou Monk [Foil] #141,1.42,10.10,+,2026-06-29 14:53:27
Mountain Drake #142,1.78,0.00,,2026-04-29 17:48:25
Mountain Drake #142,1.78,0.00,,2026-04-29 18:15:00
Mountain Drake #142,1.78,0.00,,2026-05-01 00:15:55
Mountain Drake #142,1.78,0.00,,2026-05-02 17:03:21
Mountain Drake #142,1.78,0.00,,2026-05-03 18:01:58
Mountain Drake #142,1.78,0.00,,2026-05-03 19:33:41
Mountain Drake #142,1.78,0.00,,2026-05-03 23:51:39
Mountain Drake #142,1.78,0.00,,2026-06-29 14:53:27
Mountain Drake [Foil] #142,0.44,2.20,-,2026-04-29 17:48:25
Mountain Drake [Foil] #142,0.44,2.20,-,2026-04-29 18:15:00
Mountain Drake [Foil] #142,0.44,2.20,-,2026-05-01 00:15:55
Mountain Drake [Foil] #142,0.44,2.20,-,2026-05-02 17:03:21
Mountain Drake [Foil] #142,0.44,2.20,-,2026-05-03 18:01:58
Mountain Drake [Foil] #142,0.44,2.20,-,2026-05-03 19:33:41
Mountain Drake [Foil] #142,0.44,2.20,-,2026-05-03 23:51:39
Mountain Drake [Foil] #142,0.75,1.30,-,2026-06-29 14:53:27
Pirate's Haven [Foil] #143,0.44,0.00,,2026-04-29 17:48:25
Pirate's Haven [Foil] #143,0.44,0.00,,2026-04-29 18:15:00
Pirate's Haven [Foil] #143,0.44,0.00,,2026-05-01 00:15:55
Pirate's Haven [Foil] #143,0.44,0.00,,2026-05-02 17:03:21
Pirate's Haven [Foil] #143,0.44,0.00,,2026-05-03 18:01:58
Pirate's Haven [Foil] #143,0.44,0.00,,2026-05-03 19:33:41
Pirate's Haven [Foil] #143,0.44,0.00,,2026-05-03 23:51:39
Pirate's Haven [Foil] #143,0.75,0.00,,2026-06-29 14:53:27
Spoils of War #144,0.98,20.30,-,2026-04-29 17:48:25
Spoils of War #144,0.98,20.30,-,2026-04-29 18:15:00
Spoils of War #144,0.98,20.30,-,2026-05-01 00:15:55
Spoils of War #144,0.98,0.00,,2026-05-02 17:03:21
Spoils of War #144,0.98,0.00,,2026-05-03 18:01:58
Spoils of War #144,0.98,0.00,,2026-05-03 19:33:41
Spoils of War #144,0.98,0.00,,2026-05-03 23:51:39
Spoils of War #144,0.98,0.00,,2026-06-29 14:53:27
Spoils of War [Foil] #144,0.25,0.00,,2026-04-29 17:48:25
Spoils of War [Foil] #144,0.25,0.00,,2026-04-29 18:15:00
Spoils of War [Foil] #144,0.25,0.00,,2026-05-01 00:15:55
Spoils of War [Foil] #144,0.25,0.00,,2026-05-02 17:03:21
Spoils of War [Foil] #144,0.25,0.00,,2026-05-03 18:01:58
Spoils of War [Foil] #144,0.25,0.00,,2026-05-03 19:33:41
Spoils of War [Foil] #144,0.25,0.00,,2026-05-03 23:51:39
Spoils of War [Foil] #144,0.46,0.00,,2026-06-29 14:53:27
Unyielding Spirit #145,1.59,0.00,,2026-04-29 17:48:25
Unyielding Spirit #145,1.59,0.00,,2026-04-29 18:15:00
Unyielding Spirit #145,1.59,0.00,,2026-05-01 00:15:55
Unyielding Spirit #145,1.59,0.00,,2026-05-02 17:03:21
Unyielding Spirit #145,1.59,0.00,,2026-05-03 18:01:58
Unyielding Spirit #145,1.59,0.00,,2026-05-03 19:33:41
Unyielding Spirit #145,1.59,0.00,,2026-05-03 23:51:39
Unyielding Spirit #145,1.59,0.00,,2026-06-29 14:53:27
Unyielding Spirit [Foil] #145,2.69,0.00,,2026-04-29 17:48:25
Unyielding Spirit [Foil] #145,2.69,0.00,,2026-04-29 18:15:00
Unyielding Spirit [Foil] #145,2.69,0.00,,2026-05-01 00:15:55
Unyielding Spirit [Foil] #145,2.69,0.00,,2026-05-02 17:03:21
Unyielding Spirit [Foil] #145,2.69,0.00,,2026-05-03 18:01:58
Unyielding Spirit [Foil] #145,2.69,0.00,,2026-05-03 19:33:41
Unyielding Spirit [Foil] #145,2.69,0.00,,2026-05-03 23:51:39
Unyielding Spirit [Foil] #145,3.52,0.00,,2026-06-29 14:53:27
Wallop [Foil] #146,1.64,5.10,+,2026-04-29 17:48:25
Wallop [Foil] #146,1.64,5.10,+,2026-04-29 18:15:00
Wallop [Foil] #146,1.64,5.10,+,2026-05-01 00:15:55
Wallop [Foil] #146,1.64,0.00,,2026-05-02 17:03:21
Wallop [Foil] #146,1.64,0.00,,2026-05-03 18:01:58
Wallop [Foil] #146,1.64,0.00,,2026-05-03 19:33:41
Wallop [Foil] #146,1.64,0.00,,2026-05-03 23:51:39
Wallop [Foil] #146,1.99,1.50,+,2026-06-29 14:53:27
Wildclaw Shaman [Foil] #147,0.10,0.00,,2026-04-29 17:48:25
Wildclaw Shaman [Foil] #147,0.10,0.00,,2026-04-29 18:15:00
Wildclaw Shaman [Foil] #147,0.10,0.00,,2026-05-01 00:15:55
Wildclaw Shaman [Foil] #147,0.10,0.00,,2026-05-02 17:03:21
Wildclaw Shaman [Foil] #147,0.10,0.00,,2026-05-03 18:01:58
Wildclaw Shaman [Foil] #147,0.10,0.00,,2026-05-03 19:33:41
Wildclaw Shaman [Foil] #147,0.10,0.00,,2026-05-03 23:51:39
Wildclaw Shaman [Foil] #147,0.43,2.40,+,2026-06-29 14:53:27
Ember Monk [Foil] #167,0.31,0.00,,2026-04-29 17:48:25
Ember Monk [Foil] #167,0.31,0.00,,2026-04-29 18:15:00
Ember Monk [Foil] #167,0.31,0.00,,2026-05-01 00:15:55
Ember Monk [Foil] #167,0.31,0.00,,2026-05-02 17:03:21
Ember Monk [Foil] #167,0.31,0.00,,2026-05-03 18:01:58
Ember Monk [Foil] #167,0.31,0.00,,2026-05-03 19:33:41
Ember Monk [Foil] #167,0.31,0.00,,2026-05-03 23:51:39
Ember Monk [Foil] #167,0.68,119.40,+,2026-06-29 14:53:27
Fight or Flight #168,1.63,29.40,+,2026-04-29 17:48:25
Fight or Flight #168,1.63,29.40,+,2026-04-29 18:15:00
Fight or Flight #168,1.63,29.40,+,2026-05-01 00:15:55
Fight or Flight #168,1.20,26.40,-,2026-05-02 17:03:21
Fight or Flight #168,1.20,26.40,-,2026-05-03 18:01:58
Fight or Flight #168,1.20,26.40,-,2026-05-03 19:33:41
Fight or Flight #168,1.20,26.40,-,2026-05-03 23:51:39
Fight or Flight #168,1.36,0.00,,2026-06-29 14:53:27
Fight or Flight [Foil] #168,2.01,1.50,-,2026-04-29 17:48:25
Fight or Flight [Foil] #168,2.01,1.50,-,2026-04-29 18:15:00
Fight or Flight [Foil] #168,2.01,1.50,-,2026-05-01 00:15:55
Fight or Flight [Foil] #168,2.01,1.50,-,2026-05-02 17:03:21
Fight or Flight [Foil] #168,2.01,1.50,-,2026-05-03 18:01:58
Fight or Flight [Foil] #168,2.01,1.50,-,2026-05-03 19:33:41
Fight or Flight [Foil] #168,2.01,1.50,-,2026-05-03 23:51:39
Fight or Flight [Foil] #168,2.01,0.00,,2026-06-29 14:53:27
Gust [Foil] #169,1.15,0.00,,2026-04-29 17:48:25
Gust [Foil] #169,1.15,0.00,,2026-04-29 18:15:00
Gust [Foil] #169,1.15,0.00,,2026-05-01 00:15:55
Gust [Foil] #169,1.15,0.00,,2026-05-02 17:03:21
Gust [Foil] #169,1.15,0.00,,2026-05-03 18:01:58
Gust [Foil] #169,1.15,0.00,,2026-05-03 19:33:41
Gust [Foil] #169,1.15,0.00,,2026-05-03 23:51:39
Gust [Foil] #169,2.00,2.00,+,2026-06-29 14:53:27
Morbid Return #170,1.26,0.00,,2026-04-29 17:48:25
Morbid Return #170,1.26,0.00,,2026-04-29 18:15:00
Morbid Return #170,1.26,0.00,,2026-05-01 00:15:55
Morbid Return #170,1.26,0.00,,2026-05-02 17:03:21
Morbid Return #170,1.26,0.00,,2026-05-03 18:01:58
Morbid Return #170,1.26,0.00,,2026-05-03 19:33:41
Morbid Return #170,1.26,0.00,,2026-05-03 23:51:39
Morbid Return #170,1.26,0.00,,2026-06-29 14:53:27
Mystic Poro [Foil] #171,1.45,46.50,+,2026-04-29 17:48:25
Mystic Poro [Foil] #171,1.45,46.50,+,2026-04-29 18:15:00
Mystic Poro [Foil] #171,1.45,46.50,+,2026-05-01 00:15:55
Mystic Poro [Foil] #171,1.45,46.50,+,2026-05-02 17:03:21
Mystic Poro [Foil] #171,1.45,46.50,+,2026-05-03 18:01:58
Mystic Poro [Foil] #171,1.45,46.50,+,2026-05-03 19:33:41
Mystic Poro [Foil] #171,1.45,46.50,+,2026-05-03 23:51:39
Mystic Poro [Foil] #171,1.45,0.00,,2026-06-29 14:53:27
Rebuke #172,1.45,0.00,,2026-04-29 17:48:25
Rebuke #172,1.45,0.00,,2026-04-29 18:15:00
Rebuke #172,1.45,0.00,,2026-05-01 00:15:55
Rebuke #172,1.45,0.00,,2026-05-02 17:03:21
Rebuke #172,1.45,0.00,,2026-05-03 18:01:58
Rebuke #172,1.45,0.00,,2026-05-03 19:33:41
Rebuke #172,1.45,0.00,,2026-05-03 23:51:39
Rebuke #172,1.45,27.20,+,2026-06-29 14:53:27
Ride The Wind #173,1.36,5.40,+,2026-04-29 17:48:25
Ride The Wind #173,1.36,5.40,+,2026-04-29 18:15:00
Ride The Wind #173,1.36,5.40,+,2026-05-01 00:15:55
Ride The Wind #173,1.36,5.40,+,2026-05-02 17:03:21
Ride The Wind #173,1.36,5.40,+,2026-05-03 18:01:58
Ride The Wind #173,1.36,5.40,+,2026-05-03 19:33:41
Ride The Wind #173,1.36,5.40,+,2026-05-03 23:51:39
Ride The Wind #173,1.52,21.60,+,2026-06-29 14:53:27
Ride The Wind [Foil] #173,4.90,0.00,,2026-04-29 17:48:25
Ride The Wind [Foil] #173,4.90,0.00,,2026-04-29 18:15:00
Ride The Wind [Foil] #173,4.90,0.00,,2026-05-01 00:15:55
Ride The Wind [Foil] #173,4.90,0.00,,2026-05-02 17:03:21
Ride The Wind [Foil] #173,4.90,0.00,,2026-05-03 18:01:58
Ride The Wind [Foil] #173,4.90,0.00,,2026-05-03 19:33:41
Ride The Wind [Foil] #173,4.90,0.00,,2026-05-03 23:51:39
Ride The Wind [Foil] #173,4.00,0.00,,2026-06-29 14:53:27
Sneaky Deckhand [Foil] #176,1.30,0.00,,2026-04-29 17:48:25
Sneaky Deckhand [Foil] #176,1.30,0.00,,2026-04-29 18:15:00
Sneaky Deckhand [Foil] #176,1.30,0.00,,2026-05-01 00:15:55
Sneaky Deckhand [Foil] #176,1.30,0.00,,2026-05-02 17:03:21
Sneaky Deckhand [Foil] #176,1.30,0.00,,2026-05-03 18:01:58
Sneaky Deckhand [Foil] #176,1.30,0.00,,2026-05-03 19:33:41
Sneaky Deckhand [Foil] #176,1.30,0.00,,2026-05-03 23:51:39
Sneaky Deckhand [Foil] #176,2.10,0.00,,2026-06-29 14:53:27
Stealthy Pursuer [Foil] #177,1.23,0.00,,2026-04-29 17:48:25
Stealthy Pursuer [Foil] #177,1.23,0.00,,2026-04-29 18:15:00
Stealthy Pursuer [Foil] #177,1.23,0.00,,2026-05-01 00:15:55
Stealthy Pursuer [Foil] #177,1.23,0.00,,2026-05-02 17:03:21
Stealthy Pursuer [Foil] #177,1.23,0.00,,2026-05-03 18:01:58
Stealthy Pursuer [Foil] #177,1.23,0.00,,2026-05-03 19:33:41
Stealthy Pursuer [Foil] #177,1.23,0.00,,2026-05-03 23:51:39
Stealthy Pursuer [Foil] #177,1.73,0.00,,2026-06-29 14:53:27
Acceptable Losses #179,1.14,0.00,,2026-04-29 17:48:25
Acceptable Losses #179,1.14,0.00,,2026-04-29 18:15:00
Acceptable Losses #179,1.14,0.00,,2026-05-01 00:15:55
Acceptable Losses #179,1.14,0.00,,2026-05-02 17:03:21
Acceptable Losses #179,1.14,0.00,,2026-05-03 18:01:58
Acceptable Losses #179,1.14,0.00,,2026-05-03 19:33:41
Acceptable Losses #179,1.14,0.00,,2026-05-03 23:51:39
Acceptable Losses #179,1.98,24.50,+,2026-06-29 14:53:27
Acceptable Losses [Foil] #179,0.71,1.40,-,2026-04-29 17:48:25
Acceptable Losses [Foil] #179,0.71,1.40,-,2026-04-29 18:15:00
Acceptable Losses [Foil] #179,0.71,1.40,-,2026-05-01 00:15:55
Acceptable Losses [Foil] #179,1.00,40.80,+,2026-05-02 17:03:21
Acceptable Losses [Foil] #179,1.00,40.80,+,2026-05-03 18:01:58
Acceptable Losses [Foil] #179,1.00,40.80,+,2026-05-03 19:33:41
Acceptable Losses [Foil] #179,1.00,40.80,+,2026-05-03 23:51:39
Acceptable Losses [Foil] #179,1.99,15.00,+,2026-06-29 14:53:27
Fading Memories [Foil] #180,1.25,0.00,,2026-04-29 17:48:26
Fading Memories [Foil] #180,1.25,0.00,,2026-04-29 18:15:00
Fading Memories [Foil] #180,1.25,0.00,,2026-05-01 00:15:55
Fading Memories [Foil] #180,1.22,2.40,-,2026-05-02 17:03:21
Fading Memories [Foil] #180,1.22,2.40,-,2026-05-03 18:01:58
Fading Memories [Foil] #180,1.22,2.40,-,2026-05-03 19:33:41
Fading Memories [Foil] #180,1.22,2.40,-,2026-05-03 23:51:39
Fading Memories [Foil] #180,1.40,0.00,,2026-06-29 14:53:27
Pack of Wonders #181,1.24,0.00,,2026-04-29 17:48:26
Pack of Wonders #181,1.24,0.00,,2026-04-29 18:15:00
Pack of Wonders #181,1.24,0.00,,2026-05-01 00:15:55
Pack of Wonders #181,1.24,0.00,,2026-05-02 17:03:21
Pack of Wonders #181,1.24,0.00,,2026-05-03 18:01:58
Pack of Wonders #181,1.24,0.00,,2026-05-03 19:33:41
Pack of Wonders #181,1.24,0.00,,2026-05-03 23:51:39
Pack of Wonders #181,1.33,28.50,-,2026-06-29 14:53:27
Pack of Wonders [Foil] #181,0.74,0.00,,2026-04-29 17:48:26
Pack of Wonders [Foil] #181,0.74,0.00,,2026-04-29 18:15:00
Pack of Wonders [Foil] #181,0.74,0.00,,2026-05-01 00:15:55
Pack of Wonders [Foil] #181,0.74,0.00,,2026-05-02 17:03:21
Pack of Wonders [Foil] #181,0.74,0.00,,2026-05-03 18:01:58
Pack of Wonders [Foil] #181,0.74,0.00,,2026-05-03 19:33:41
Pack of Wonders [Foil] #181,0.74,0.00,,2026-05-03 23:51:39
Pack of Wonders [Foil] #181,0.78,0.00,,2026-06-29 14:53:27
Scrapheap #182,1.10,8.30,-,2026-04-29 17:48:26
Scrapheap #182,1.10,8.30,-,2026-04-29 18:15:00
Scrapheap #182,1.10,0.00,,2026-05-01 00:15:55
Scrapheap #182,1.10,0.00,,2026-05-02 17:03:21
Scrapheap #182,1.10,0.00,,2026-05-03 18:01:58
Scrapheap #182,1.10,0.00,,2026-05-03 19:33:41
Scrapheap #182,1.10,0.00,,2026-05-03 23:51:39
Scrapheap #182,1.10,0.00,,2026-06-29 14:53:27
Scrapheap [Foil] #182,6.93,0.30,-,2026-04-29 17:48:26
Scrapheap [Foil] #182,6.93,0.30,-,2026-04-29 18:15:00
Scrapheap [Foil] #182,6.93,0.30,-,2026-05-01 00:15:55
Scrapheap [Foil] #182,6.93,0.30,-,2026-05-02 17:03:21
Scrapheap [Foil] #182,6.93,0.30,-,2026-05-03 18:01:58
Scrapheap [Foil] #182,6.93,0.30,-,2026-05-03 19:33:41
Scrapheap [Foil] #182,6.93,0.30,-,2026-05-03 23:51:39
Scrapheap [Foil] #182,6.93,0.00,,2026-06-29 14:53:27
Stacked Deck [Foil] #183,8.98,1.60,+,2026-04-29 17:48:26
Stacked Deck [Foil] #183,8.98,1.60,+,2026-04-29 18:15:00
Stacked Deck [Foil] #183,8.98,1.60,+,2026-05-01 00:15:55
Stacked Deck [Foil] #183,8.98,0.00,,2026-05-02 17:03:21
Stacked Deck [Foil] #183,8.98,0.00,,2026-05-03 18:01:58
Stacked Deck [Foil] #183,8.98,0.00,,2026-05-03 19:33:41
Stacked Deck [Foil] #183,8.98,0.00,,2026-05-03 23:51:39
Stacked Deck [Foil] #183,8.29,9.20,+,2026-06-29 14:53:27
The Syren #184,1.10,29.40,+,2026-04-29 17:48:26
The Syren #184,1.10,29.40,+,2026-04-29 18:15:00
The Syren #184,1.10,29.40,+,2026-05-01 00:15:55
The Syren #184,1.10,0.00,,2026-05-02 17:03:21
The Syren #184,1.10,0.00,,2026-05-03 18:01:58
The Syren #184,1.10,0.00,,2026-05-03 19:33:41
The Syren #184,1.10,0.00,,2026-05-03 23:51:39
The Syren #184,1.20,0.00,,2026-06-29 14:53:27
The Syren [Foil] #184,1.69,0.00,,2026-04-29 17:48:26
The Syren [Foil] #184,1.69,0.00,,2026-04-29 18:15:00
The Syren [Foil] #184,1.69,0.00,,2026-05-01 00:15:55
The Syren [Foil] #184,1.69,0.00,,2026-05-02 17:03:21
The Syren [Foil] #184,1.69,0.00,,2026-05-03 18:01:58
The Syren [Foil] #184,1.69,0.00,,2026-05-03 19:33:41
The Syren [Foil] #184,1.69,0.00,,2026-05-03 23:51:39
The Syren [Foil] #184,2.00,0.00,,2026-06-29 14:53:27
Traveling Merchant #185,1.10,11.10,+,2026-04-29 17:48:26
Traveling Merchant #185,1.10,11.10,+,2026-04-29 18:15:00
Traveling Merchant #185,1.10,11.10,+,2026-05-01 00:15:55
Traveling Merchant #185,1.10,11.10,+,2026-05-02 17:03:22
Traveling Merchant #185,1.10,11.10,+,2026-05-03 18:01:58
Traveling Merchant #185,1.10,11.10,+,2026-05-03 19:33:42
Traveling Merchant #185,1.10,11.10,+,2026-05-03 23:51:39
Traveling Merchant #185,1.40,0.00,,2026-06-29 14:53:27
Traveling Merchant [Foil] #185,1.30,3.70,-,2026-04-29 17:48:26
Traveling Merchant [Foil] #185,1.30,3.70,-,2026-04-29 18:15:00
Traveling Merchant [Foil] #185,1.30,3.70,-,2026-05-01 00:15:55
Traveling Merchant [Foil] #185,1.30,0.00,,2026-05-02 17:03:22
Traveling Merchant [Foil] #185,1.30,0.00,,2026-05-03 18:01:58
Traveling Merchant [Foil] #185,1.30,0.00,,2026-05-03 19:33:42
Traveling Merchant [Foil] #185,1.30,0.00,,2026-05-03 23:51:39
Traveling Merchant [Foil] #185,1.59,0.00,,2026-06-29 14:53:27
Treasure Trove #186,1.59,0.00,,2026-04-29 17:48:26
Treasure Trove #186,1.59,0.00,,2026-04-29 18:15:00
Treasure Trove #186,1.59,0.00,,2026-05-01 00:15:55
Treasure Trove #186,1.59,0.00,,2026-05-02 17:03:22
Treasure Trove #186,1.59,0.00,,2026-05-03 18:01:58
Treasure Trove #186,1.59,0.00,,2026-05-03 19:33:42
Treasure Trove #186,1.59,0.00,,2026-05-03 23:51:39
Treasure Trove #186,1.59,11.20,-,2026-06-29 14:53:27
Treasure Trove [Foil] #186,2.49,0.00,,2026-04-29 17:48:26
Treasure Trove [Foil] #186,2.49,0.00,,2026-04-29 18:15:00
Treasure Trove [Foil] #186,2.49,0.00,,2026-05-01 00:15:55
Treasure Trove [Foil] #186,2.49,0.00,,2026-05-02 17:03:22
Treasure Trove [Foil] #186,2.49,0.00,,2026-05-03 18:01:58
Treasure Trove [Foil] #186,2.49,0.00,,2026-05-03 19:33:42
Treasure Trove [Foil] #186,2.49,0.00,,2026-05-03 23:51:39
Treasure Trove [Foil] #186,5.64,3.50,+,2026-06-29 14:53:27
Whirlwind #187,1.98,0.00,,2026-04-29 17:48:26
Whirlwind #187,1.98,0.00,,2026-04-29 18:15:00
Whirlwind #187,1.98,0.00,,2026-05-01 00:15:55
Whirlwind #187,1.98,0.00,,2026-05-02 17:03:22
Whirlwind #187,1.98,0.00,,2026-05-03 18:01:58
Whirlwind #187,1.98,0.00,,2026-05-03 19:33:42
Whirlwind #187,1.98,0.00,,2026-05-03 23:51:39
Whirlwind #187,1.08,27.50,-,2026-06-29 14:53:27
Whirlwind [Foil] #187,0.37,2.60,-,2026-04-29 17:48:26
Whirlwind [Foil] #187,0.37,2.60,-,2026-04-29 18:15:00
Whirlwind [Foil] #187,0.37,2.60,-,2026-05-01 00:15:55
Whirlwind [Foil] #187,0.37,2.60,-,2026-05-02 17:03:22
Whirlwind [Foil] #187,0.37,2.60,-,2026-05-03 18:01:58
Whirlwind [Foil] #187,0.37,2.60,-,2026-05-03 19:33:42
Whirlwind [Foil] #187,0.37,2.60,-,2026-05-03 23:51:39
Whirlwind [Foil] #187,0.70,2.90,+,2026-06-29 14:53:27
Zaunite Bouncer #188,1.25,0.00,,2026-04-29 17:48:26
Zaunite Bouncer #188,1.25,0.00,,2026-04-29 18:15:00
Zaunite Bouncer #188,1.25,0.00,,2026-05-01 00:15:55
Zaunite Bouncer #188,1.25,0.00,,2026-05-02 17:03:22
Zaunite Bouncer #188,1.25,0.00,,2026-05-03 18:01:58
Zaunite Bouncer #188,1.25,0.00,,2026-05-03 19:33:42
Zaunite Bouncer #188,1.25,0.00,,2026-05-03 23:51:39
Zaunite Bouncer #188,1.27,0.00,,2026-06-29 14:53:27
Zaunite Bouncer [Foil] #188,0.70,1.40,+,2026-04-29 17:48:26
Zaunite Bouncer [Foil] #188,0.70,1.40,+,2026-04-29 18:15:00
Zaunite Bouncer [Foil] #188,0.70,1.40,+,2026-05-01 00:15:55
Zaunite Bouncer [Foil] #188,0.70,1.40,+,2026-05-02 17:03:22
Zaunite Bouncer [Foil] #188,0.70,1.40,+,2026-05-03 18:01:58
Zaunite Bouncer [Foil] #188,0.70,1.40,+,2026-05-03 19:33:42
Zaunite Bouncer [Foil] #188,0.70,1.40,+,2026-05-03 23:51:39
Zaunite Bouncer [Foil] #188,1.22,0.00,,2026-06-29 14:53:27
Call to Glory #207,1.49,0.00,,2026-04-29 17:48:26
Call to Glory #207,1.49,0.00,,2026-04-29 18:15:00
Call to Glory #207,1.49,0.00,,2026-05-01 00:15:55
Call to Glory #207,1.49,0.00,,2026-05-02 17:03:22
Call to Glory #207,1.49,0.00,,2026-05-03 18:01:58
Call to Glory #207,1.49,0.00,,2026-05-03 19:33:42
Call to Glory #207,1.49,0.00,,2026-05-03 23:51:39
Call to Glory #207,2.00,34.20,+,2026-06-29 14:53:27
Call to Glory [Foil] #207,1.11,0.90,-,2026-04-29 17:48:26
Call to Glory [Foil] #207,1.11,0.90,-,2026-04-29 18:15:00
Call to Glory [Foil] #207,1.11,0.90,-,2026-05-01 00:15:55
Call to Glory [Foil] #207,1.11,0.90,-,2026-05-02 17:03:22
Call to Glory [Foil] #207,1.12,0.90,+,2026-05-03 18:01:58
Call to Glory [Foil] #207,1.12,0.90,+,2026-05-03 19:33:42
Call to Glory [Foil] #207,1.12,0.90,+,2026-05-03 23:51:39
Call to Glory [Foil] #207,1.32,17.90,+,2026-06-29 14:53:27
Cull the Weak #209,1.25,0.00,,2026-04-29 17:48:26
Cull the Weak #209,1.25,0.00,,2026-04-29 18:15:00
Cull the Weak #209,1.25,0.00,,2026-05-01 00:15:55
Cull the Weak #209,1.25,0.00,,2026-05-02 17:03:22
Cull the Weak #209,1.25,0.00,,2026-05-03 18:01:58
Cull the Weak #209,1.25,0.00,,2026-05-03 19:33:42
Cull the Weak #209,1.25,0.00,,2026-05-03 23:51:39
Cull the Weak #209,1.98,57.10,+,2026-06-29 14:53:27
Daring Poro [Foil] #210,0.25,0.00,,2026-04-29 17:48:26
Daring Poro [Foil] #210,0.25,0.00,,2026-04-29 18:15:00
Daring Poro [Foil] #210,0.25,0.00,,2026-05-01 00:15:55
Daring Poro [Foil] #210,0.25,0.00,,2026-05-02 17:03:22
Daring Poro [Foil] #210,0.25,0.00,,2026-05-03 18:01:58
Daring Poro [Foil] #210,0.25,0.00,,2026-05-03 19:33:42
Daring Poro [Foil] #210,0.25,0.00,,2026-05-03 23:51:40
Daring Poro [Foil] #210,0.49,0.00,,2026-06-29 14:53:27
Faithful Manufactor #211,1.20,0.00,,2026-04-29 17:48:26
Faithful Manufactor #211,1.20,0.00,,2026-04-29 18:15:00
Faithful Manufactor #211,1.20,0.00,,2026-05-01 00:15:55
Faithful Manufactor #211,1.20,0.00,,2026-05-02 17:03:22
Faithful Manufactor #211,1.20,0.00,,2026-05-03 18:01:58
Faithful Manufactor #211,1.20,0.00,,2026-05-03 19:33:42
Faithful Manufactor #211,1.20,0.00,,2026-05-03 23:51:40
Faithful Manufactor #211,1.65,14.60,+,2026-06-29 14:53:27
Faithful Manufactor [Foil] #211,0.49,0.00,,2026-04-29 17:48:26
Faithful Manufactor [Foil] #211,0.49,0.00,,2026-04-29 18:15:00
Faithful Manufactor [Foil] #211,0.49,0.00,,2026-05-01 00:15:55
Faithful Manufactor [Foil] #211,0.49,0.00,,2026-05-02 17:03:22
Faithful Manufactor [Foil] #211,0.49,0.00,,2026-05-03 18:01:58
Faithful Manufactor [Foil] #211,0.49,0.00,,2026-05-03 19:33:42
Faithful Manufactor [Foil] #211,0.49,0.00,,2026-05-03 23:51:40
Faithful Manufactor [Foil] #211,0.50,0.00,,2026-06-29 14:53:27
Hidden Blade #213,1.59,0.00,,2026-04-29 17:48:26
Hidden Blade #213,1.59,0.00,,2026-04-29 18:15:00
Hidden Blade #213,1.59,0.00,,2026-05-01 00:15:55
Hidden Blade #213,1.59,0.00,,2026-05-02 17:03:22
Hidden Blade #213,1.59,0.00,,2026-05-03 18:01:58
Hidden Blade #213,1.59,0.00,,2026-05-03 19:33:42
Hidden Blade #213,1.59,0.00,,2026-05-03 23:51:40
Hidden Blade #213,1.59,3.60,-,2026-06-29 14:53:27
Hidden Blade [Foil] #213,4.47,0.00,,2026-04-29 17:48:26
Hidden Blade [Foil] #213,4.47,0.00,,2026-04-29 18:15:00
Hidden Blade [Foil] #213,4.47,0.00,,2026-05-01 00:15:55
Hidden Blade [Foil] #213,4.47,0.00,,2026-05-02 17:03:22
Hidden Blade [Foil] #213,5.47,22.40,+,2026-05-03 18:01:59
Hidden Blade [Foil] #213,5.47,22.40,+,2026-05-03 19:33:42
Hidden Blade [Foil] #213,5.47,22.40,+,2026-05-03 23:51:40
Hidden Blade [Foil] #213,4.63,0.00,,2026-06-29 14:53:27
Order Rune #214,0.19,11.80,+,2026-04-29 17:48:26
Order Rune #214,0.19,11.80,+,2026-04-29 18:15:00
Order Rune #214,0.19,11.80,+,2026-05-01 00:15:55
Order Rune #214,0.19,0.00,,2026-05-02 17:03:22
Order Rune #214,0.19,0.00,,2026-05-03 18:01:59
Order Rune #214,0.19,0.00,,2026-05-03 19:33:42
Order Rune #214,0.19,0.00,,2026-05-03 23:51:40
Order Rune #214,0.16,5.90,-,2026-06-29 14:53:27
Petty Officer #215,1.75,0.00,,2026-04-29 17:48:26
Petty Officer #215,1.75,0.00,,2026-04-29 18:15:00
Petty Officer #215,1.75,0.00,,2026-05-01 00:15:55
Petty Officer #215,1.75,0.00,,2026-05-02 17:03:22
Petty Officer #215,1.75,0.00,,2026-05-03 18:01:59
Petty Officer #215,1.75,0.00,,2026-05-03 19:33:42
Petty Officer #215,1.75,0.00,,2026-05-03 23:51:40
Petty Officer #215,1.75,0.00,,2026-06-29 14:53:27
Soaring Scout #216,1.23,0.00,,2026-04-29 17:48:26
Soaring Scout #216,1.23,0.00,,2026-04-29 18:15:00
Soaring Scout #216,1.23,0.00,,2026-05-01 00:15:55
Soaring Scout #216,1.23,0.00,,2026-05-02 17:03:22
Soaring Scout #216,1.23,0.00,,2026-05-03 18:01:59
Soaring Scout #216,1.23,0.00,,2026-05-03 19:33:42
Soaring Scout #216,1.23,0.00,,2026-05-03 23:51:40
Soaring Scout #216,1.21,0.00,,2026-06-29 14:53:27
Vanguard Captain #218,0.36,24.10,+,2026-04-29 17:48:26
Vanguard Captain #218,0.36,24.10,+,2026-04-29 18:15:00
Vanguard Captain #218,0.36,24.10,+,2026-05-01 00:15:55
Vanguard Captain #218,0.36,24.10,+,2026-05-02 17:03:22
Vanguard Captain #218,0.25,30.60,-,2026-05-03 18:01:59
Vanguard Captain #218,0.25,30.60,-,2026-05-03 19:33:42
Vanguard Captain #218,0.25,30.60,-,2026-05-03 23:51:40
Vanguard Captain #218,0.23,0.00,,2026-06-29 14:53:27
Vanguard Captain [Foil] #218,1.69,0.00,,2026-04-29 17:48:26
Vanguard Captain [Foil] #218,1.69,0.00,,2026-04-29 18:15:00
Vanguard Captain [Foil] #218,1.69,0.00,,2026-05-01 00:15:55
Vanguard Captain [Foil] #218,1.69,0.00,,2026-05-02 17:03:22
Vanguard Captain [Foil] #218,1.69,0.00,,2026-05-03 18:01:59
Vanguard Captain [Foil] #218,1.69,0.00,,2026-05-03 19:33:42
Vanguard Captain [Foil] #218,1.69,0.00,,2026-05-03 23:51:40
Vanguard Captain [Foil] #218,1.91,0.50,+,2026-06-29 14:53:27
Facebreaker #220,1.12,0.00,,2026-04-29 17:48:26
Facebreaker #220,1.12,0.00,,2026-04-29 18:15:00
Facebreaker #220,1.12,0.00,,2026-05-01 00:15:55
Facebreaker #220,1.12,0.00,,2026-05-02 17:03:22
Facebreaker #220,1.12,0.00,,2026-05-03 18:01:59
Facebreaker #220,1.12,0.00,,2026-05-03 19:33:42
Facebreaker #220,1.12,0.00,,2026-05-03 23:51:40
Facebreaker #220,1.30,0.00,,2026-06-29 14:53:27
Facebreaker [Foil] #220,1.42,0.70,+,2026-04-29 17:48:26
Facebreaker [Foil] #220,1.42,0.70,+,2026-04-29 18:15:00
Facebreaker [Foil] #220,1.42,0.70,+,2026-05-01 00:15:56
Facebreaker [Foil] #220,1.38,2.80,-,2026-05-02 17:03:22
Facebreaker [Foil] #220,1.38,2.80,-,2026-05-03 18:01:59
Facebreaker [Foil] #220,1.38,2.80,-,2026-05-03 19:33:42
Facebreaker [Foil] #220,1.38,2.80,-,2026-05-03 23:51:40
Facebreaker [Foil] #220,1.70,0.00,,2026-06-29 14:53:27
Imperial Decree #221,1.99,0.00,,2026-04-29 17:48:26
Imperial Decree #221,1.99,0.00,,2026-04-29 18:15:00
Imperial Decree #221,1.99,0.00,,2026-05-01 00:15:56
Imperial Decree #221,1.99,0.00,,2026-05-02 17:03:22
Imperial Decree #221,2.00,0.50,+,2026-05-03 18:01:59
Imperial Decree #221,2.00,0.50,+,2026-05-03 19:33:42
Imperial Decree #221,2.00,0.50,+,2026-05-03 23:51:40
Imperial Decree #221,1.99,0.00,,2026-06-29 14:53:27
Imperial Decree [Foil] #221,3.31,0.90,-,2026-04-29 17:48:27
Imperial Decree [Foil] #221,3.31,0.90,-,2026-04-29 18:15:00
Imperial Decree [Foil] #221,3.31,0.90,-,2026-05-01 00:15:56
Imperial Decree [Foil] #221,3.31,0.90,-,2026-05-02 17:03:22
Imperial Decree [Foil] #221,3.31,0.90,-,2026-05-03 18:01:59
Imperial Decree [Foil] #221,3.31,0.90,-,2026-05-03 19:33:42
Imperial Decree [Foil] #221,3.31,0.90,-,2026-05-03 23:51:40
Imperial Decree [Foil] #221,4.12,2.70,+,2026-06-29 14:53:27
Noxian Drummer #222,0.25,4.20,+,2026-04-29 17:48:27
Noxian Drummer #222,0.25,4.20,+,2026-04-29 18:15:00
Noxian Drummer #222,0.25,4.20,+,2026-05-01 00:15:56
Noxian Drummer #222,0.25,4.20,+,2026-05-02 17:03:22
Noxian Drummer #222,0.25,4.20,+,2026-05-03 18:01:59
Noxian Drummer #222,0.25,4.20,+,2026-05-03 19:33:42
Noxian Drummer #222,0.25,4.20,+,2026-05-03 23:51:40
Noxian Drummer #222,0.14,6.70,-,2026-06-29 14:53:27
Noxian Drummer [Foil] #222,1.30,0.80,+,2026-04-29 17:48:27
Noxian Drummer [Foil] #222,1.30,0.80,+,2026-04-29 18:15:00
Noxian Drummer [Foil] #222,1.30,0.80,+,2026-05-01 00:15:56
Noxian Drummer [Foil] #222,1.32,1.50,+,2026-05-02 17:03:22
Noxian Drummer [Foil] #222,1.32,1.50,+,2026-05-03 18:01:59
Noxian Drummer [Foil] #222,1.32,1.50,+,2026-05-03 19:33:42
Noxian Drummer [Foil] #222,1.32,1.50,+,2026-05-03 23:51:40
Noxian Drummer [Foil] #222,1.35,0.00,,2026-06-29 14:53:27
Peak Guardian [Foil] #223,0.36,0.00,,2026-04-29 17:48:27
Peak Guardian [Foil] #223,0.36,0.00,,2026-04-29 18:15:00
Peak Guardian [Foil] #223,0.36,0.00,,2026-05-01 00:15:56
Peak Guardian [Foil] #223,0.36,0.00,,2026-05-02 17:03:22
Peak Guardian [Foil] #223,0.36,0.00,,2026-05-03 18:01:59
Peak Guardian [Foil] #223,0.36,0.00,,2026-05-03 19:33:42
Peak Guardian [Foil] #223,0.36,0.00,,2026-05-03 23:51:40
Peak Guardian [Foil] #223,0.35,0.00,,2026-06-29 14:53:27
Solari Chief #225,1.25,0.00,,2026-04-29 17:48:27
Solari Chief #225,1.25,0.00,,2026-04-29 18:15:00
Solari Chief #225,1.25,0.00,,2026-05-01 00:15:56
Solari Chief #225,1.25,0.00,,2026-05-02 17:03:22
Solari Chief #225,1.25,0.00,,2026-05-03 18:01:59
Solari Chief #225,1.25,0.00,,2026-05-03 19:33:42
Solari Chief #225,1.25,0.00,,2026-05-03 23:51:40
Solari Chief #225,1.25,0.00,,2026-06-29 14:53:27
Solari Chief [Foil] #225,0.69,1.40,-,2026-04-29 17:48:27
Solari Chief [Foil] #225,0.69,1.40,-,2026-04-29 18:15:00
Solari Chief [Foil] #225,0.69,1.40,-,2026-05-01 00:15:56
Solari Chief [Foil] #225,0.69,1.40,-,2026-05-02 17:03:23
Solari Chief [Foil] #225,0.69,0.00,,2026-05-03 18:01:59
Solari Chief [Foil] #225,0.69,0.00,,2026-05-03 19:33:42
Solari Chief [Foil] #225,0.69,0.00,,2026-05-03 23:51:40
Solari Chief [Foil] #225,0.96,0.00,,2026-06-29 14:53:27
Spectral Matron [Foil] #226,1.74,0.00,,2026-04-29 17:48:27
Spectral Matron [Foil] #226,1.74,0.00,,2026-04-29 18:15:00
Spectral Matron [Foil] #226,1.74,0.00,,2026-05-01 00:15:56
Spectral Matron [Foil] #226,1.74,0.00,,2026-05-02 17:03:23
Spectral Matron [Foil] #226,1.74,0.00,,2026-05-03 18:01:59
Spectral Matron [Foil] #226,1.74,0.00,,2026-05-03 19:33:42
Spectral Matron [Foil] #226,1.74,0.00,,2026-05-03 23:51:40
Spectral Matron [Foil] #226,2.59,0.00,,2026-06-29 14:53:28
Symbol of the Solari [Foil] #227,0.60,0.00,,2026-04-29 17:48:27
Symbol of the Solari [Foil] #227,0.60,0.00,,2026-04-29 18:15:00
Symbol of the Solari [Foil] #227,0.60,0.00,,2026-05-01 00:15:56
Symbol of the Solari [Foil] #227,0.60,0.00,,2026-05-02 17:03:23
Symbol of the Solari [Foil] #227,0.60,0.00,,2026-05-03 18:01:59
Symbol of the Solari [Foil] #227,0.60,0.00,,2026-05-03 19:33:42
Symbol of the Solari [Foil] #227,0.60,0.00,,2026-05-03 23:51:40
Symbol of the Solari [Foil] #227,1.56,0.00,,2026-06-29 14:53:28
Vanguard Helm [Foil] #228,0.21,0.00,,2026-04-29 17:48:27
Vanguard Helm [Foil] #228,0.21,0.00,,2026-04-29 18:15:00
Vanguard Helm [Foil] #228,0.21,0.00,,2026-05-01 00:15:56
Vanguard Helm [Foil] #228,0.21,0.00,,2026-05-02 17:03:23
Vanguard Helm [Foil] #228,0.21,0.00,,2026-05-03 18:01:59
Vanguard Helm [Foil] #228,0.21,0.00,,2026-05-03 19:33:42
Vanguard Helm [Foil] #228,0.21,0.00,,2026-05-03 23:51:40
Vanguard Helm [Foil] #228,0.22,0.00,,2026-06-29 14:53:28
Vengeance #229,1.13,0.00,,2026-04-29 17:48:27
Vengeance #229,1.13,0.00,,2026-04-29 18:15:00
Vengeance #229,1.13,0.00,,2026-05-01 00:15:56
Vengeance #229,1.13,0.00,,2026-05-02 17:03:23
Vengeance #229,1.13,0.00,,2026-05-03 18:01:59
Vengeance #229,1.13,0.00,,2026-05-03 19:33:42
Vengeance #229,1.13,0.00,,2026-05-03 23:51:40
Vengeance #229,1.13,0.00,,2026-06-29 14:53:28
Altar to Unity #275,1.25,0.00,,2026-04-29 17:48:27
Altar to Unity #275,1.25,0.00,,2026-04-29 18:15:00
Altar to Unity #275,1.25,0.00,,2026-05-01 00:15:56
Altar to Unity #275,1.25,0.00,,2026-05-02 17:03:23
Altar to Unity #275,1.25,0.00,,2026-05-03 18:01:59
Altar to Unity #275,1.25,0.00,,2026-05-03 19:33:42
Altar to Unity #275,1.25,0.00,,2026-05-03 23:51:40
Altar to Unity #275,1.25,0.00,,2026-06-29 14:53:28
Aspirant's Climb [Foil] #276,0.84,2.30,-,2026-04-29 17:48:27
Aspirant's Climb [Foil] #276,0.84,2.30,-,2026-04-29 18:15:00
Aspirant's Climb [Foil] #276,0.84,2.30,-,2026-05-01 00:15:56
Aspirant's Climb [Foil] #276,0.84,2.30,-,2026-05-02 17:03:23
Aspirant's Climb [Foil] #276,0.84,2.30,-,2026-05-03 18:01:59
Aspirant's Climb [Foil] #276,0.84,2.30,-,2026-05-03 19:33:42
Aspirant's Climb [Foil] #276,0.84,2.30,-,2026-05-03 23:51:40
Aspirant's Climb [Foil] #276,0.85,0.00,,2026-06-29 14:53:28
Back-Alley Bar [Foil] #277,0.56,3.70,+,2026-04-29 17:48:27
Back-Alley Bar [Foil] #277,0.56,3.70,+,2026-04-29 18:15:00
Back-Alley Bar [Foil] #277,0.56,3.70,+,2026-05-01 00:15:56
Back-Alley Bar [Foil] #277,0.56,3.70,+,2026-05-02 17:03:23
Back-Alley Bar [Foil] #277,0.56,3.70,+,2026-05-03 18:01:59
Back-Alley Bar [Foil] #277,0.56,3.70,+,2026-05-03 19:33:42
Back-Alley Bar [Foil] #277,0.56,3.70,+,2026-05-03 23:51:40
Back-Alley Bar [Foil] #277,0.59,0.00,,2026-06-29 14:53:28
Bandle Tree [Foil] #278,0.20,0.00,,2026-04-29 17:48:27
Bandle Tree [Foil] #278,0.20,0.00,,2026-04-29 18:15:00
Bandle Tree [Foil] #278,0.20,0.00,,2026-05-01 00:15:56
Bandle Tree [Foil] #278,0.32,60.00,+,2026-05-02 17:03:23
Bandle Tree [Foil] #278,0.32,60.00,+,2026-05-03 18:01:59
Bandle Tree [Foil] #278,0.32,60.00,+,2026-05-03 19:33:42
Bandle Tree [Foil] #278,0.32,60.00,+,2026-05-03 23:51:40
Bandle Tree [Foil] #278,1.04,0.00,,2026-06-29 14:53:28
Fortified Position [Foil] #279,0.27,0.00,,2026-04-29 17:48:27
Fortified Position [Foil] #279,0.27,0.00,,2026-04-29 18:15:00
Fortified Position [Foil] #279,0.27,0.00,,2026-05-01 00:15:56
Fortified Position [Foil] #279,0.27,0.00,,2026-05-02 17:03:23
Fortified Position [Foil] #279,0.27,0.00,,2026-05-03 18:01:59
Fortified Position [Foil] #279,0.27,0.00,,2026-05-03 19:33:42
Fortified Position [Foil] #279,0.27,0.00,,2026-05-03 23:51:40
Fortified Position [Foil] #279,0.27,0.00,,2026-06-29 14:53:28
Grove Of The God-Willow [Foil] #280,2.99,0.00,,2026-04-29 17:48:27
Grove Of The God-Willow [Foil] #280,2.99,0.00,,2026-04-29 18:15:00
Grove Of The God-Willow [Foil] #280,2.99,0.00,,2026-05-01 00:15:56
Grove Of The God-Willow [Foil] #280,2.99,0.00,,2026-05-02 17:03:23
Grove Of The God-Willow [Foil] #280,2.99,0.00,,2026-05-03 18:01:59
Grove Of The God-Willow [Foil] #280,2.99,0.00,,2026-05-03 19:33:42
Grove Of The God-Willow [Foil] #280,2.99,0.00,,2026-05-03 23:51:40
Grove Of The God-Willow [Foil] #280,2.42,0.40,-,2026-06-29 14:53:28
Grove of the God-Willow #280,0.27,6.90,-,2026-04-29 17:48:27
Grove of the God-Willow #280,0.27,6.90,-,2026-04-29 18:15:00
Grove of the God-Willow #280,0.27,6.90,-,2026-05-01 00:15:56
Grove of the God-Willow #280,0.27,0.00,,2026-05-02 17:03:23
Grove of the God-Willow #280,0.27,0.00,,2026-05-03 18:01:59
Grove of the God-Willow #280,0.27,0.00,,2026-05-03 19:33:42
Grove of the God-Willow #280,0.27,0.00,,2026-05-03 23:51:40
Grove of the God-Willow #280,0.32,6.70,+,2026-06-29 14:53:28
Hallowed Tomb #281,1.25,0.00,,2026-04-29 17:48:27
Hallowed Tomb #281,1.25,0.00,,2026-04-29 18:15:00
Hallowed Tomb #281,1.25,0.00,,2026-05-01 00:15:56
Hallowed Tomb #281,1.25,0.00,,2026-05-02 17:03:23
Hallowed Tomb #281,1.25,0.00,,2026-05-03 18:01:59
Hallowed Tomb #281,1.25,0.00,,2026-05-03 19:33:42
Hallowed Tomb #281,1.25,0.00,,2026-05-03 23:51:40
Hallowed Tomb #281,1.25,0.00,,2026-06-29 14:53:28
Hallowed Tomb [Foil] #281,0.52,116.70,+,2026-04-29 17:48:27
Hallowed Tomb [Foil] #281,0.52,116.70,+,2026-04-29 18:15:00
Hallowed Tomb [Foil] #281,0.52,116.70,+,2026-05-01 00:15:56
Hallowed Tomb [Foil] #281,0.52,116.70,+,2026-05-02 17:03:23
Hallowed Tomb [Foil] #281,0.52,116.70,+,2026-05-03 18:01:59
Hallowed Tomb [Foil] #281,0.52,116.70,+,2026-05-03 19:33:42
Hallowed Tomb [Foil] #281,0.52,116.70,+,2026-05-03 23:51:40
Hallowed Tomb [Foil] #281,0.51,1.90,-,2026-06-29 14:53:28
Monastery of Hirana #282,1.25,0.00,,2026-04-29 17:48:27
Monastery of Hirana #282,1.25,0.00,,2026-04-29 18:15:00
Monastery of Hirana #282,1.25,0.00,,2026-05-01 00:15:56
Monastery of Hirana #282,1.24,0.80,-,2026-05-02 17:03:23
Monastery of Hirana #282,1.24,0.80,-,2026-05-03 18:01:59
Monastery of Hirana #282,1.24,0.80,-,2026-05-03 19:33:42
Monastery of Hirana #282,1.24,0.80,-,2026-05-03 23:51:40
Monastery of Hirana #282,1.24,0.00,,2026-06-29 14:53:28
Monastery of Hirana [Foil] #282,0.77,0.00,,2026-04-29 17:48:27
Monastery of Hirana [Foil] #282,0.77,0.00,,2026-04-29 18:15:00
Monastery of Hirana [Foil] #282,0.77,0.00,,2026-05-01 00:15:56
Monastery of Hirana [Foil] #282,0.77,0.00,,2026-05-02 17:03:23
Monastery of Hirana [Foil] #282,0.77,0.00,,2026-05-03 18:01:59
Monastery of Hirana [Foil] #282,0.77,0.00,,2026-05-03 19:33:42
Monastery of Hirana [Foil] #282,0.77,0.00,,2026-05-03 23:51:40
Monastery of Hirana [Foil] #282,1.10,0.00,,2026-06-29 14:53:28
Navori Fighting Pit #283,1.59,0.00,,2026-04-29 17:48:27
Navori Fighting Pit #283,1.59,0.00,,2026-04-29 18:15:00
Navori Fighting Pit #283,1.59,0.00,,2026-05-01 00:15:56
Navori Fighting Pit #283,1.59,0.00,,2026-05-02 17:03:23
Navori Fighting Pit #283,1.59,0.00,,2026-05-03 18:01:59
Navori Fighting Pit #283,1.59,0.00,,2026-05-03 19:33:42
Navori Fighting Pit #283,1.59,0.00,,2026-05-03 23:51:40
Navori Fighting Pit #283,1.59,0.00,,2026-06-29 14:53:28
Navori Fighting Pit [Foil] #283,0.34,0.00,,2026-04-29 17:48:27
Navori Fighting Pit [Foil] #283,0.34,0.00,,2026-04-29 18:15:00
Navori Fighting Pit [Foil] #283,0.34,0.00,,2026-05-01 00:15:56
Navori Fighting Pit [Foil] #283,0.34,0.00,,2026-05-02 17:03:23
Navori Fighting Pit [Foil] #283,0.34,0.00,,2026-05-03 18:01:59
Navori Fighting Pit [Foil] #283,0.34,0.00,,2026-05-03 19:33:42
Navori Fighting Pit [Foil] #283,0.34,0.00,,2026-05-03 23:51:40
Navori Fighting Pit [Foil] #283,0.33,2.90,-,2026-06-29 14:53:28
Obelisk of Power #284,1.32,0.00,,2026-04-29 17:48:27
Obelisk of Power #284,1.32,0.00,,2026-04-29 18:15:01
Obelisk of Power #284,1.31,0.80,-,2026-05-01 00:15:56
Obelisk of Power #284,1.31,0.80,-,2026-05-02 17:03:23
Obelisk of Power #284,1.31,0.80,-,2026-05-03 18:01:59
Obelisk of Power #284,1.31,0.80,-,2026-05-03 19:33:42
Obelisk of Power #284,1.31,0.80,-,2026-05-03 23:51:40
Obelisk of Power #284,1.31,0.00,,2026-06-29 14:53:28
Obelisk of Power [Foil] #284,4.66,0.00,,2026-04-29 17:48:27
Obelisk of Power [Foil] #284,4.66,0.00,,2026-04-29 18:15:01
Obelisk of Power [Foil] #284,4.66,0.00,,2026-05-01 00:15:56
Obelisk of Power [Foil] #284,4.66,0.00,,2026-05-02 17:03:23
Obelisk of Power [Foil] #284,4.66,0.00,,2026-05-03 18:01:59
Obelisk of Power [Foil] #284,4.66,0.00,,2026-05-03 19:33:42
Obelisk of Power [Foil] #284,4.66,0.00,,2026-05-03 23:51:40
Obelisk of Power [Foil] #284,4.91,3.60,+,2026-06-29 14:53:28
Reaver's Row #285,0.40,110.50,+,2026-04-29 17:48:27
Reaver's Row #285,0.40,110.50,+,2026-04-29 18:15:01
Reaver's Row #285,0.40,110.50,+,2026-05-01 00:15:56
Reaver's Row #285,0.40,110.50,+,2026-05-02 17:03:23
Reaver's Row #285,0.40,110.50,+,2026-05-03 18:01:59
Reaver's Row #285,0.40,110.50,+,2026-05-03 19:33:42
Reaver's Row #285,0.40,110.50,+,2026-05-03 23:51:40
Reaver's Row #285,0.19,18.80,+,2026-06-29 14:53:28
Reaver's Row [Foil] #285,2.24,0.00,,2026-04-29 17:48:27
Reaver's Row [Foil] #285,2.24,0.00,,2026-04-29 18:15:01
Reaver's Row [Foil] #285,2.24,0.00,,2026-05-01 00:15:56
Reaver's Row [Foil] #285,2.24,0.00,,2026-05-02 17:03:23
Reaver's Row [Foil] #285,2.24,0.00,,2026-05-03 18:01:59
Reaver's Row [Foil] #285,2.24,0.00,,2026-05-03 19:33:43
Reaver's Row [Foil] #285,2.24,0.00,,2026-05-03 23:51:40
Reaver's Row [Foil] #285,2.35,0.00,,2026-06-29 14:53:28
Reckoner's Arena [Foil] #286,0.16,0.00,,2026-04-29 17:48:27
Reckoner's Arena [Foil] #286,0.16,0.00,,2026-04-29 18:15:01
Reckoner's Arena [Foil] #286,0.16,0.00,,2026-05-01 00:15:56
Reckoner's Arena [Foil] #286,0.16,0.00,,2026-05-02 17:03:23
Reckoner's Arena [Foil] #286,0.16,0.00,,2026-05-03 18:01:59
Reckoner's Arena [Foil] #286,0.16,0.00,,2026-05-03 19:33:43
Reckoner's Arena [Foil] #286,0.16,0.00,,2026-05-03 23:51:40
Reckoner's Arena [Foil] #286,0.89,1.10,-,2026-06-29 14:53:28
Sigil of the Storm [Foil] #287,1.15,6.50,+,2026-04-29 17:48:27
Sigil of the Storm [Foil] #287,1.15,6.50,+,2026-04-29 18:15:01
Sigil of the Storm [Foil] #287,1.15,6.50,+,2026-05-01 00:15:56
Sigil of the Storm [Foil] #287,1.15,6.50,+,2026-05-02 17:03:23
Sigil of the Storm [Foil] #287,1.15,6.50,+,2026-05-03 18:02:00
Sigil of the Storm [Foil] #287,1.15,6.50,+,2026-05-03 19:33:43
Sigil of the Storm [Foil] #287,1.15,6.50,+,2026-05-03 23:51:40
Sigil of the Storm [Foil] #287,1.73,0.00,,2026-06-29 14:53:28
Startipped Peak #288,1.59,0.00,,2026-04-29 17:48:27
Startipped Peak #288,1.59,0.00,,2026-04-29 18:15:01
Startipped Peak #288,1.59,0.00,,2026-05-01 00:15:56
Startipped Peak #288,1.59,0.00,,2026-05-02 17:03:23
Startipped Peak #288,1.59,0.00,,2026-05-03 18:02:00
Startipped Peak #288,1.59,0.00,,2026-05-03 19:33:43
Startipped Peak #288,1.59,0.00,,2026-05-03 23:51:40
Startipped Peak #288,1.33,0.00,,2026-06-29 14:53:28
Startipped Peak [Foil] #288,0.59,1.70,-,2026-04-29 17:48:27
Startipped Peak [Foil] #288,0.59,1.70,-,2026-04-29 18:15:01
Startipped Peak [Foil] #288,0.59,1.70,-,2026-05-01 00:15:56
Startipped Peak [Foil] #288,0.59,1.70,-,2026-05-02 17:03:23
Startipped Peak [Foil] #288,0.59,1.70,-,2026-05-03 18:02:00
Startipped Peak [Foil] #288,0.59,1.70,-,2026-05-03 19:33:43
Startipped Peak [Foil] #288,0.59,1.70,-,2026-05-03 23:51:40
Startipped Peak [Foil] #288,1.38,24.30,+,2026-06-29 14:53:28
Targon's Peak #289,1.59,0.00,,2026-04-29 17:48:27
Targon's Peak #289,1.59,0.00,,2026-04-29 18:15:01
Targon's Peak #289,1.59,0.00,,2026-05-01 00:15:56
Targon's Peak #289,1.59,0.00,,2026-05-02 17:03:23
Targon's Peak #289,1.59,0.00,,2026-05-03 18:02:00
Targon's Peak #289,1.59,0.00,,2026-05-03 19:33:43
Targon's Peak #289,1.59,0.00,,2026-05-03 23:51:40
Targon's Peak #289,1.59,0.00,,2026-06-29 14:53:28
Targon's Peak [Foil] #289,1.57,0.00,,2026-04-29 17:48:27
Targon's Peak [Foil] #289,1.57,0.00,,2026-04-29 18:15:01
Targon's Peak [Foil] #289,1.57,0.00,,2026-05-01 00:15:56
Targon's Peak [Foil] #289,1.57,0.00,,2026-05-02 17:03:23
Targon's Peak [Foil] #289,1.53,2.50,-,2026-05-03 18:02:00
Targon's Peak [Foil] #289,1.53,2.50,-,2026-05-03 19:33:43
Targon's Peak [Foil] #289,1.53,2.50,-,2026-05-03 23:51:40
Targon's Peak [Foil] #289,2.12,35.00,+,2026-06-29 14:53:28
The Arena's Greatest #290,1.26,0.00,,2026-04-29 17:48:27
The Arena's Greatest #290,1.26,0.00,,2026-04-29 18:15:01
The Arena's Greatest #290,1.26,0.00,,2026-05-01 00:15:56
The Arena's Greatest #290,1.25,0.80,-,2026-05-02 17:03:23
The Arena's Greatest #290,1.25,0.80,-,2026-05-03 18:02:00
The Arena's Greatest #290,1.25,0.80,-,2026-05-03 19:33:43
The Arena's Greatest #290,1.25,0.80,-,2026-05-03 23:51:40
The Arena's Greatest #290,1.33,1.50,+,2026-06-29 14:53:28
The Arena's Greatest [Foil] #290,1.25,1.60,+,2026-04-29 17:48:27
The Arena's Greatest [Foil] #290,1.25,1.60,+,2026-04-29 18:15:01
The Arena's Greatest [Foil] #290,1.25,1.60,+,2026-05-01 00:15:56
The Arena's Greatest [Foil] #290,1.25,1.60,+,2026-05-02 17:03:23
The Arena's Greatest [Foil] #290,1.49,19.20,+,2026-05-03 18:02:00
The Arena's Greatest [Foil] #290,1.49,19.20,+,2026-05-03 19:33:43
The Arena's Greatest [Foil] #290,1.49,19.20,+,2026-05-03 23:51:40
The Arena's Greatest [Foil] #290,1.74,0.00,,2026-06-29 14:53:28
The Candlelit Sanctum #291,1.25,0.00,,2026-04-29 17:48:27
The Candlelit Sanctum #291,1.25,0.00,,2026-04-29 18:15:01
The Candlelit Sanctum #291,1.25,0.00,,2026-05-01 00:15:56
The Candlelit Sanctum #291,1.25,0.00,,2026-05-02 17:03:23
The Candlelit Sanctum #291,1.25,0.00,,2026-05-03 18:02:00
The Candlelit Sanctum #291,1.25,0.00,,2026-05-03 19:33:43
The Candlelit Sanctum #291,1.25,0.00,,2026-05-03 23:51:40
The Candlelit Sanctum #291,1.59,0.00,,2026-06-29 14:53:28
The Candlelit Sanctum [Foil] #291,0.77,54.00,+,2026-04-29 17:48:27
The Candlelit Sanctum [Foil] #291,0.77,54.00,+,2026-04-29 18:15:01
The Candlelit Sanctum [Foil] #291,0.77,54.00,+,2026-05-01 00:15:56
The Candlelit Sanctum [Foil] #291,0.77,0.00,,2026-05-02 17:03:23
The Candlelit Sanctum [Foil] #291,0.77,0.00,,2026-05-03 18:02:00
The Candlelit Sanctum [Foil] #291,0.77,0.00,,2026-05-03 19:33:43
The Candlelit Sanctum [Foil] #291,0.77,0.00,,2026-05-03 23:51:40
The Candlelit Sanctum [Foil] #291,1.50,1.30,-,2026-06-29 14:53:28
The Dreaming Tree #292,1.25,0.00,,2026-04-29 17:48:27
The Dreaming Tree #292,1.25,0.00,,2026-04-29 18:15:01
The Dreaming Tree #292,1.25,0.00,,2026-05-01 00:15:56
The Dreaming Tree #292,1.25,0.00,,2026-05-02 17:03:23
The Dreaming Tree #292,1.25,0.00,,2026-05-03 18:02:00
The Dreaming Tree #292,1.25,0.00,,2026-05-03 19:33:43
The Dreaming Tree #292,1.25,0.00,,2026-05-03 23:51:40
The Dreaming Tree #292,1.25,0.00,,2026-06-29 14:53:28
The Dreaming Tree [Foil] #292,3.54,0.60,-,2026-04-29 17:48:27
The Dreaming Tree [Foil] #292,3.54,0.60,-,2026-04-29 18:15:01
The Dreaming Tree [Foil] #292,3.54,0.60,-,2026-05-01 00:15:56
The Dreaming Tree [Foil] #292,3.54,0.60,-,2026-05-02 17:03:23
The Dreaming Tree [Foil] #292,3.53,0.30,-,2026-05-03 18:02:00
The Dreaming Tree [Foil] #292,3.53,0.30,-,2026-05-03 19:33:43
The Dreaming Tree [Foil] #292,3.53,0.30,-,2026-05-03 23:51:40
The Dreaming Tree [Foil] #292,2.98,12.60,-,2026-06-29 14:53:28
The Grand Plaza #293,1.23,0.00,,2026-04-29 17:48:27
The Grand Plaza #293,1.23,0.00,,2026-04-29 18:15:01
The Grand Plaza #293,1.23,0.00,,2026-05-01 00:15:56
The Grand Plaza #293,1.23,0.00,,2026-05-02 17:03:23
The Grand Plaza #293,1.23,0.00,,2026-05-03 18:02:00
The Grand Plaza #293,1.23,0.00,,2026-05-03 19:33:43
The Grand Plaza #293,1.23,0.00,,2026-05-03 23:51:40
The Grand Plaza #293,1.24,0.00,,2026-06-29 14:53:28
The Grand Plaza [Foil] #293,0.25,0.00,,2026-04-29 17:48:27
The Grand Plaza [Foil] #293,0.25,0.00,,2026-04-29 18:15:01
The Grand Plaza [Foil] #293,0.25,0.00,,2026-05-01 00:15:56
The Grand Plaza [Foil] #293,0.25,0.00,,2026-05-02 17:03:23
The Grand Plaza [Foil] #293,0.25,0.00,,2026-05-03 18:02:00
The Grand Plaza [Foil] #293,0.25,0.00,,2026-05-03 19:33:43
The Grand Plaza [Foil] #293,0.25,0.00,,2026-05-03 23:51:40
The Grand Plaza [Foil] #293,0.25,0.00,,2026-06-29 14:53:28
Trifarian War Camp [Foil] #294,1.37,0.70,-,2026-04-29 17:48:27
Trifarian War Camp [Foil] #294,1.37,0.70,-,2026-04-29 18:15:01
Trifarian War Camp [Foil] #294,1.37,0.70,-,2026-05-01 00:15:56
Trifarian War Camp [Foil] #294,1.31,4.40,-,2026-05-02 17:03:23
Trifarian War Camp [Foil] #294,1.31,4.40,-,2026-05-03 18:02:00
Trifarian War Camp [Foil] #294,1.31,4.40,-,2026-05-03 19:33:43
Trifarian War Camp [Foil] #294,1.31,4.40,-,2026-05-03 23:51:40
Trifarian War Camp [Foil] #294,1.69,0.00,,2026-06-29 14:53:28
Vilemaw's Lair #295,1.87,0.00,,2026-04-29 17:48:27
Vilemaw's Lair #295,1.87,0.00,,2026-04-29 18:15:01
Vilemaw's Lair #295,1.87,0.00,,2026-05-01 00:15:56
Vilemaw's Lair #295,1.87,0.00,,2026-05-02 17:03:23
Vilemaw's Lair #295,1.87,0.00,,2026-05-03 18:02:00
Vilemaw's Lair #295,1.87,0.00,,2026-05-03 19:33:43
Vilemaw's Lair #295,1.87,0.00,,2026-05-03 23:51:40
Vilemaw's Lair #295,1.06,0.00,,2026-06-29 14:53:28
Vilemaw's Lair [Foil] #295,1.21,0.00,,2026-04-29 17:48:27
Vilemaw's Lair [Foil] #295,1.21,0.00,,2026-04-29 18:15:01
Vilemaw's Lair [Foil] #295,1.21,0.00,,2026-05-01 00:15:56
Vilemaw's Lair [Foil] #295,1.21,0.00,,2026-05-02 17:03:23
Vilemaw's Lair [Foil] #295,1.21,0.00,,2026-05-03 18:02:00
Vilemaw's Lair [Foil] #295,1.21,0.00,,2026-05-03 19:33:43
Vilemaw's Lair [Foil] #295,1.21,0.00,,2026-05-03 23:51:40
Vilemaw's Lair [Foil] #295,1.96,0.00,,2026-06-29 14:53:28
Void Gate #296,1.24,0.00,,2026-04-29 17:48:27
Void Gate #296,1.24,0.00,,2026-04-29 18:15:01
Void Gate #296,1.24,0.00,,2026-05-01 00:15:56
Void Gate #296,1.24,0.00,,2026-05-02 17:03:23
Void Gate #296,1.24,0.00,,2026-05-03 18:02:00
Void Gate #296,1.24,0.00,,2026-05-03 19:33:43
Void Gate #296,1.24,0.00,,2026-05-03 23:51:40
Void Gate #296,1.24,0.00,,2026-06-29 14:53:28
Windswept Hillock [Foil] #297,0.43,0.00,,2026-04-29 17:48:27
Windswept Hillock [Foil] #297,0.43,0.00,,2026-04-29 18:15:01
Windswept Hillock [Foil] #297,0.43,0.00,,2026-05-01 00:15:56
Windswept Hillock [Foil] #297,0.43,0.00,,2026-05-02 17:03:23
Windswept Hillock [Foil] #297,0.43,0.00,,2026-05-03 18:02:00
Windswept Hillock [Foil] #297,0.43,0.00,,2026-05-03 19:33:43
Windswept Hillock [Foil] #297,0.43,0.00,,2026-05-03 23:51:40
Windswept Hillock [Foil] #297,1.40,0.00,,2026-06-29 14:53:28
Zaun Warrens [Foil] #298,0.25,0.00,,2026-04-29 17:48:27
Zaun Warrens [Foil] #298,0.25,0.00,,2026-04-29 18:15:01
Zaun Warrens [Foil] #298,0.25,0.00,,2026-05-01 00:15:56
Zaun Warrens [Foil] #298,0.25,0.00,,2026-05-02 17:03:23
Zaun Warrens [Foil] #298,0.25,0.00,,2026-05-03 18:02:00
Zaun Warrens [Foil] #298,0.25,0.00,,2026-05-03 19:33:43
Zaun Warrens [Foil] #298,0.25,0.00,,2026-05-03 23:51:40
Zaun Warrens [Foil] #298,1.43,44.40,+,2026-06-29 14:53:28
Buff [Fist Bump],0.00,0.00,,2026-04-29 17:48:28
Buff [Fist Bump],0.00,0.00,,2026-04-29 18:15:01
Buff [Fist Bump],0.00,0.00,,2026-05-01 00:15:56
Buff [Fist Bump],0.00,0.00,,2026-05-02 17:03:23
Buff [Fist Bump],0.00,0.00,,2026-05-03 18:02:00
Buff [Fist Bump],0.00,0.00,,2026-05-03 19:33:43
Buff [Fist Bump],0.00,0.00,,2026-05-03 23:51:40
Buff [Fist Bump],99.99,11.10,+,2026-06-29 14:53:24
Blazing Scorcher #1,0.21,50.00,+,2026-04-29 17:48:28
Blazing Scorcher #1,0.21,50.00,+,2026-04-29 18:15:01
Blazing Scorcher #1,0.08,61.90,-,2026-05-01 00:15:56
Blazing Scorcher #1,0.08,61.90,-,2026-05-02 17:03:23
Blazing Scorcher #1,0.08,61.90,-,2026-05-03 18:02:00
Blazing Scorcher #1,0.08,61.90,-,2026-05-03 19:33:43
Blazing Scorcher #1,0.08,61.90,-,2026-05-03 23:51:40
Blazing Scorcher #1,0.08,0.00,,2026-06-29 14:53:28
Blazing Scorcher [Promo] #1,0.25,0.00,,2026-04-29 17:48:28
Blazing Scorcher [Promo] #1,0.25,0.00,,2026-04-29 18:15:01
Blazing Scorcher [Promo] #1,0.24,4.00,-,2026-05-01 00:15:56
Blazing Scorcher [Promo] #1,0.24,4.00,-,2026-05-02 17:03:23
Blazing Scorcher [Promo] #1,0.24,4.00,-,2026-05-03 18:02:00
Blazing Scorcher [Promo] #1,0.24,4.00,-,2026-05-03 19:33:43
Blazing Scorcher [Promo] #1,0.24,4.00,-,2026-05-03 23:51:40
Brazen Buccaneer #2,0.00,0.00,,2026-04-29 17:48:28
Brazen Buccaneer #2,0.00,0.00,,2026-04-29 18:15:01
Brazen Buccaneer #2,0.00,0.00,,2026-05-01 00:15:56
Brazen Buccaneer #2,0.00,0.00,,2026-05-02 17:03:23
Brazen Buccaneer #2,0.00,0.00,,2026-05-03 18:02:00
Brazen Buccaneer #2,0.00,0.00,,2026-05-03 19:33:43
Brazen Buccaneer #2,0.00,0.00,,2026-05-03 23:51:40
Brazen Buccaneer #2,0.00,0.00,,2026-06-29 14:53:28
Brazen Buccaneer [Foil] #2,0.24,0.00,,2026-04-29 17:48:28
Brazen Buccaneer [Foil] #2,0.24,0.00,,2026-04-29 18:15:01
Brazen Buccaneer [Foil] #2,0.24,0.00,,2026-05-01 00:15:56
Brazen Buccaneer [Foil] #2,0.24,0.00,,2026-05-02 17:03:23
Brazen Buccaneer [Foil] #2,0.24,0.00,,2026-05-03 18:02:00
Brazen Buccaneer [Foil] #2,0.24,0.00,,2026-05-03 19:33:43
Brazen Buccaneer [Foil] #2,0.24,0.00,,2026-05-03 23:51:40
Brazen Buccaneer [Foil] #2,0.24,0.00,,2026-06-29 14:53:28
Chemtech Enforcer #3,0.00,0.00,,2026-04-29 17:48:28
Chemtech Enforcer #3,0.00,0.00,,2026-04-29 18:15:01
Chemtech Enforcer #3,0.00,0.00,,2026-05-01 00:15:56
Chemtech Enforcer #3,0.00,0.00,,2026-05-02 17:03:23
Chemtech Enforcer #3,0.00,0.00,,2026-05-03 18:02:00
Chemtech Enforcer #3,0.00,0.00,,2026-05-03 19:33:43
Chemtech Enforcer #3,0.00,0.00,,2026-05-03 23:51:40
Chemtech Enforcer #3,0.00,0.00,,2026-06-29 14:53:28
Chemtech Enforcer [Foil] #3,0.11,0.00,,2026-04-29 17:48:28
Chemtech Enforcer [Foil] #3,0.11,0.00,,2026-04-29 18:15:01
Chemtech Enforcer [Foil] #3,0.11,0.00,,2026-05-01 00:15:56
Chemtech Enforcer [Foil] #3,0.11,0.00,,2026-05-02 17:03:23
Chemtech Enforcer [Foil] #3,0.11,0.00,,2026-05-03 18:02:00
Chemtech Enforcer [Foil] #3,0.11,0.00,,2026-05-03 19:33:43
Chemtech Enforcer [Foil] #3,0.11,0.00,,2026-05-03 23:51:40
Chemtech Enforcer [Foil] #3,0.11,0.00,,2026-06-29 14:53:28
Disintegrate #5,0.00,0.00,,2026-04-29 17:48:28
Disintegrate #5,0.00,0.00,,2026-04-29 18:15:01
Disintegrate #5,0.00,0.00,,2026-05-01 00:15:56
Disintegrate #5,0.00,0.00,,2026-05-02 17:03:24
Disintegrate #5,0.00,0.00,,2026-05-03 18:02:00
Disintegrate #5,0.00,0.00,,2026-05-03 19:33:43
Disintegrate #5,0.00,0.00,,2026-05-03 23:51:40
Disintegrate #5,0.00,0.00,,2026-06-29 14:53:28
Disintegrate [Foil] #5,0.27,3.60,-,2026-04-29 17:48:28
Disintegrate [Foil] #5,0.27,3.60,-,2026-04-29 18:15:01
Disintegrate [Foil] #5,0.26,3.70,-,2026-05-01 00:15:56
Disintegrate [Foil] #5,0.26,3.70,-,2026-05-02 17:03:24
Disintegrate [Foil] #5,0.26,3.70,-,2026-05-03 18:02:00
Disintegrate [Foil] #5,0.26,3.70,-,2026-05-03 19:33:43
Disintegrate [Foil] #5,0.26,3.70,-,2026-05-03 23:51:40
Disintegrate [Foil] #5,0.71,0.00,,2026-06-29 14:53:28
Flame Chompers #6,0.00,0.00,,2026-04-29 17:48:28
Flame Chompers #6,0.00,0.00,,2026-04-29 18:15:01
Flame Chompers #6,0.00,0.00,,2026-05-01 00:15:56
Flame Chompers #6,0.00,0.00,,2026-05-02 17:03:24
Flame Chompers #6,0.00,0.00,,2026-05-03 18:02:00
Flame Chompers #6,0.00,0.00,,2026-05-03 19:33:43
Flame Chompers #6,0.00,0.00,,2026-05-03 23:51:40
Flame Chompers #6,0.00,0.00,,2026-06-29 14:53:28
Flame Chompers [Foil] #6,0.25,0.00,,2026-04-29 17:48:28
Flame Chompers [Foil] #6,0.25,0.00,,2026-04-29 18:15:01
Flame Chompers [Foil] #6,0.25,0.00,,2026-05-01 00:15:56
Flame Chompers [Foil] #6,0.25,0.00,,2026-05-02 17:03:24
Flame Chompers [Foil] #6,0.25,0.00,,2026-05-03 18:02:00
Flame Chompers [Foil] #6,0.25,0.00,,2026-05-03 19:33:43
Flame Chompers [Foil] #6,0.25,0.00,,2026-05-03 23:51:40
Flame Chompers [Foil] #6,0.29,0.00,,2026-06-29 14:53:28
Get Excited! #8,0.00,0.00,,2026-04-29 17:48:28
Get Excited! #8,0.00,0.00,,2026-04-29 18:15:01
Get Excited! #8,0.00,0.00,,2026-05-01 00:15:56
Get Excited! #8,0.00,0.00,,2026-05-02 17:03:24
Get Excited! #8,0.00,0.00,,2026-05-03 18:02:00
Get Excited! #8,0.00,0.00,,2026-05-03 19:33:43
Get Excited! #8,0.00,0.00,,2026-05-03 23:51:40
Get Excited! #8,0.00,0.00,,2026-06-29 14:53:28
Get Excited! [Foil] #8,0.50,5.70,-,2026-04-29 17:48:28
Get Excited! [Foil] #8,0.50,5.70,-,2026-04-29 18:15:01
Get Excited! [Foil] #8,0.50,5.70,-,2026-05-01 00:15:56
Get Excited! [Foil] #8,0.50,5.70,-,2026-05-02 17:03:24
Get Excited! [Foil] #8,0.50,5.70,-,2026-05-03 18:02:00
Get Excited! [Foil] #8,0.50,5.70,-,2026-05-03 19:33:43
Get Excited! [Foil] #8,0.50,5.70,-,2026-05-03 23:51:40
Get Excited! [Foil] #8,0.79,0.00,,2026-06-29 14:53:28
Hextech Ray #9,0.26,57.40,-,2026-04-29 17:48:28
Hextech Ray #9,0.26,57.40,-,2026-04-29 18:15:01
Hextech Ray #9,0.26,57.40,-,2026-05-01 00:15:56
Hextech Ray #9,0.25,3.80,-,2026-05-02 17:03:24
Hextech Ray #9,0.25,3.80,-,2026-05-03 18:02:00
Hextech Ray #9,0.25,3.80,-,2026-05-03 19:33:43
Hextech Ray #9,0.25,3.80,-,2026-05-03 23:51:40
Hextech Ray #9,0.45,6.20,-,2026-06-29 14:53:28
Legion Rearguard #10,0.20,0.00,,2026-04-29 17:48:28
Legion Rearguard #10,0.20,0.00,,2026-04-29 18:15:01
Legion Rearguard #10,0.20,0.00,,2026-05-01 00:15:56
Legion Rearguard #10,0.26,30.00,+,2026-05-02 17:03:24
Legion Rearguard #10,0.26,30.00,+,2026-05-03 18:02:00
Legion Rearguard #10,0.26,30.00,+,2026-05-03 19:33:43
Legion Rearguard #10,0.26,30.00,+,2026-05-03 23:51:40
Legion Rearguard #10,0.14,44.00,-,2026-06-29 14:53:28
Legion Rearguard [Foil] #10,0.88,2.20,-,2026-04-29 17:48:28
Legion Rearguard [Foil] #10,0.88,2.20,-,2026-04-29 18:15:01
Legion Rearguard [Foil] #10,0.88,2.20,-,2026-05-01 00:15:56
Legion Rearguard [Foil] #10,0.87,1.10,-,2026-05-02 17:03:24
Legion Rearguard [Foil] #10,0.87,1.10,-,2026-05-03 18:02:00
Legion Rearguard [Foil] #10,0.87,1.10,-,2026-05-03 19:33:43
Legion Rearguard [Foil] #10,0.87,1.10,-,2026-05-03 23:51:40
Legion Rearguard [Foil] #10,1.06,0.00,,2026-06-29 14:53:26
Magma Wurm #11,0.70,0.00,,2026-04-29 17:48:28
Magma Wurm #11,0.70,0.00,,2026-04-29 18:15:01
Magma Wurm #11,0.70,0.00,,2026-05-01 00:15:56
Magma Wurm #11,0.70,0.00,,2026-05-02 17:03:24
Magma Wurm #11,0.70,0.00,,2026-05-03 18:02:00
Magma Wurm #11,0.70,0.00,,2026-05-03 19:33:43
Magma Wurm #11,0.70,0.00,,2026-05-03 23:51:40
Magma Wurm #11,0.70,0.00,,2026-06-29 14:53:28
Magma Wurm [Foil] #11,0.17,0.00,,2026-04-29 17:48:28
Magma Wurm [Foil] #11,0.17,0.00,,2026-04-29 18:15:01
Magma Wurm [Foil] #11,0.17,0.00,,2026-05-01 00:15:56
Magma Wurm [Foil] #11,0.17,0.00,,2026-05-02 17:03:24
Magma Wurm [Foil] #11,0.17,0.00,,2026-05-03 18:02:00
Magma Wurm [Foil] #11,0.17,0.00,,2026-05-03 19:33:43
Magma Wurm [Foil] #11,0.17,0.00,,2026-05-03 23:51:40
Magma Wurm [Foil] #11,0.18,0.00,,2026-06-29 14:53:28
Noxus Hopeful #12,0.72,0.00,,2026-04-29 17:48:28
Noxus Hopeful #12,0.72,0.00,,2026-04-29 18:15:01
Noxus Hopeful #12,0.72,0.00,,2026-05-01 00:15:56
Noxus Hopeful #12,0.72,0.00,,2026-05-02 17:03:24
Noxus Hopeful #12,0.72,0.00,,2026-05-03 18:02:00
Noxus Hopeful #12,0.72,0.00,,2026-05-03 19:33:43
Noxus Hopeful #12,0.72,0.00,,2026-05-03 23:51:40
Noxus Hopeful #12,1.50,41.50,+,2026-06-29 14:53:26
Pouty Poro #13,0.71,0.00,,2026-04-29 17:48:28
Pouty Poro #13,0.71,0.00,,2026-04-29 18:15:01
Pouty Poro #13,0.71,0.00,,2026-05-01 00:15:56
Pouty Poro #13,0.71,0.00,,2026-05-02 17:03:24
Pouty Poro #13,0.71,0.00,,2026-05-03 18:02:00
Pouty Poro #13,0.71,0.00,,2026-05-03 19:33:43
Pouty Poro #13,0.71,0.00,,2026-05-03 23:51:40
Pouty Poro #13,0.72,0.00,,2026-06-29 14:53:28
Pouty Poro [Promo] #13,0.47,6.00,-,2026-04-29 17:48:28
Pouty Poro [Promo] #13,0.47,6.00,-,2026-04-29 18:15:01
Pouty Poro [Promo] #13,0.47,6.00,-,2026-05-01 00:15:56
Pouty Poro [Promo] #13,0.47,6.00,-,2026-05-02 17:03:24
Pouty Poro [Promo] #13,0.47,6.00,-,2026-05-03 18:02:00
Pouty Poro [Promo] #13,0.47,6.00,-,2026-05-03 19:33:43
Pouty Poro [Promo] #13,0.47,6.00,-,2026-05-03 23:51:40
Noxus Saboteur #18,0.00,0.00,,2026-04-29 17:48:28
Noxus Saboteur #18,0.00,0.00,,2026-04-29 18:15:01
Noxus Saboteur #18,0.00,0.00,,2026-05-01 00:15:56
Noxus Saboteur #18,0.00,0.00,,2026-05-02 17:03:24
Noxus Saboteur #18,0.00,0.00,,2026-05-03 18:02:00
Noxus Saboteur #18,0.00,0.00,,2026-05-03 19:33:43
Noxus Saboteur #18,0.00,0.00,,2026-05-03 23:51:40
Noxus Saboteur #18,0.00,0.00,,2026-06-29 14:53:28
Raging Soul #19,0.00,0.00,,2026-04-29 17:48:28
Raging Soul #19,0.00,0.00,,2026-04-29 18:15:01
Raging Soul #19,0.00,0.00,,2026-05-01 00:15:56
Raging Soul #19,0.00,0.00,,2026-05-02 17:03:24
Raging Soul #19,0.00,0.00,,2026-05-03 18:02:00
Raging Soul #19,0.00,0.00,,2026-05-03 19:33:43
Raging Soul #19,0.00,0.00,,2026-05-03 23:51:40
Raging Soul #19,0.00,0.00,,2026-06-29 14:53:28
Scrapyard Champion #20,0.00,0.00,,2026-04-29 17:48:28
Scrapyard Champion #20,0.00,0.00,,2026-04-29 18:15:01
Scrapyard Champion #20,0.00,0.00,,2026-05-01 00:15:56
Scrapyard Champion #20,0.00,0.00,,2026-05-02 17:03:24
Scrapyard Champion #20,0.00,0.00,,2026-05-03 18:02:00
Scrapyard Champion #20,0.00,0.00,,2026-05-03 19:33:43
Scrapyard Champion #20,0.00,0.00,,2026-05-03 23:51:40
Scrapyard Champion #20,0.00,0.00,,2026-06-29 14:53:28
Scrapyard Champion [Foil] #20,0.49,0.00,,2026-04-29 17:48:28
Scrapyard Champion [Foil] #20,0.49,0.00,,2026-04-29 18:15:01
Scrapyard Champion [Foil] #20,0.49,0.00,,2026-05-01 00:15:56
Scrapyard Champion [Foil] #20,0.49,0.00,,2026-05-02 17:03:24
Scrapyard Champion [Foil] #20,0.49,0.00,,2026-05-03 18:02:00
Scrapyard Champion [Foil] #20,0.49,0.00,,2026-05-03 19:33:43
Scrapyard Champion [Foil] #20,0.49,0.00,,2026-05-03 23:51:40
Scrapyard Champion [Foil] #20,0.87,8.70,+,2026-06-29 14:53:28
Unlicensed Armory #23,0.00,0.00,,2026-04-29 17:48:28
Unlicensed Armory #23,0.00,0.00,,2026-04-29 18:15:01
Unlicensed Armory #23,0.00,0.00,,2026-05-01 00:15:56
Unlicensed Armory #23,0.00,0.00,,2026-05-02 17:03:24
Unlicensed Armory #23,0.00,0.00,,2026-05-03 18:02:00
Unlicensed Armory #23,0.00,0.00,,2026-05-03 19:33:43
Unlicensed Armory #23,0.00,0.00,,2026-05-03 23:51:40
Unlicensed Armory #23,0.00,0.00,,2026-06-29 14:53:28
Void Seeker [Promo] #24,0.44,0.00,,2026-04-29 17:48:28
Void Seeker [Promo] #24,0.44,0.00,,2026-04-29 18:15:01
Void Seeker [Promo] #24,0.44,0.00,,2026-05-01 00:15:56
Void Seeker [Promo] #24,0.50,13.60,+,2026-05-02 17:03:24
Void Seeker [Promo] #24,0.50,13.60,+,2026-05-03 18:02:00
Void Seeker [Promo] #24,0.50,13.60,+,2026-05-03 19:33:43
Void Seeker [Promo] #24,0.50,13.60,+,2026-05-03 23:51:40
Blind Fury [Foil] #25,0.99,0.00,,2026-04-29 17:48:28
Blind Fury [Foil] #25,0.99,0.00,,2026-04-29 18:15:01
Blind Fury [Foil] #25,0.99,0.00,,2026-05-01 00:15:56
Blind Fury [Foil] #25,0.99,0.00,,2026-05-02 17:03:24
Blind Fury [Foil] #25,0.99,0.00,,2026-05-03 18:02:00
Blind Fury [Foil] #25,0.99,0.00,,2026-05-03 19:33:43
Blind Fury [Foil] #25,0.99,0.00,,2026-05-03 23:51:40
Blind Fury [Foil] #25,0.99,0.00,,2026-06-29 14:53:26
Clockwork Keeper #44,0.70,0.00,,2026-04-29 17:48:28
Clockwork Keeper #44,0.70,0.00,,2026-04-29 18:15:01
Clockwork Keeper #44,0.70,0.00,,2026-05-01 00:15:56
Clockwork Keeper #44,0.70,0.00,,2026-05-02 17:03:24
Clockwork Keeper #44,0.70,0.00,,2026-05-03 18:02:00
Clockwork Keeper #44,0.70,0.00,,2026-05-03 19:33:43
Clockwork Keeper #44,0.70,0.00,,2026-05-03 23:51:40
Clockwork Keeper #44,1.10,0.00,,2026-06-29 14:53:26
Meditation #48,0.20,0.00,,2026-04-29 17:48:28
Meditation #48,0.20,0.00,,2026-04-29 18:15:01
Meditation #48,0.20,0.00,,2026-05-01 00:15:57
Meditation #48,0.20,0.00,,2026-05-02 17:03:25
Meditation #48,0.20,0.00,,2026-05-03 18:02:00
Meditation #48,0.20,0.00,,2026-05-03 19:33:43
Meditation #48,0.20,0.00,,2026-05-03 23:51:41
Meditation #48,0.11,8.30,-,2026-06-29 14:53:28
Meditation [Foil] #48,0.27,30.80,-,2026-04-29 17:48:28
Meditation [Foil] #48,0.27,30.80,-,2026-04-29 18:15:02
Meditation [Foil] #48,0.27,30.80,-,2026-05-01 00:15:57
Meditation [Foil] #48,0.27,30.80,-,2026-05-02 17:03:25
Meditation [Foil] #48,0.27,0.00,,2026-05-03 18:02:01
Meditation [Foil] #48,0.27,0.00,,2026-05-03 19:33:43
Meditation [Foil] #48,0.27,0.00,,2026-05-03 23:51:41
Meditation [Foil] #48,1.05,0.00,,2026-06-29 14:53:26
Playful Phantom #49,0.00,0.00,,2026-04-29 17:48:28
Playful Phantom #49,0.00,0.00,,2026-04-29 18:15:02
Playful Phantom #49,0.00,0.00,,2026-05-01 00:15:57
Playful Phantom #49,0.00,0.00,,2026-05-02 17:03:25
Playful Phantom #49,0.00,0.00,,2026-05-03 18:02:01
Playful Phantom #49,0.00,0.00,,2026-05-03 19:33:43
Playful Phantom #49,0.00,0.00,,2026-05-03 23:51:41
Playful Phantom #49,1.26,0.00,,2026-06-29 14:53:26
Playful Phantom [Foil] #49,0.16,0.00,,2026-04-29 17:48:28
Playful Phantom [Foil] #49,0.16,0.00,,2026-04-29 18:15:02
Playful Phantom [Foil] #49,0.15,6.30,-,2026-05-01 00:15:57
Playful Phantom [Foil] #49,0.15,6.30,-,2026-05-02 17:03:25
Playful Phantom [Foil] #49,0.15,6.30,-,2026-05-03 18:02:01
Playful Phantom [Foil] #49,0.15,6.30,-,2026-05-03 19:33:43
Playful Phantom [Foil] #49,0.15,6.30,-,2026-05-03 23:51:41
Playful Phantom [Foil] #49,0.15,0.00,,2026-06-29 14:53:28
Rune Prison #50,0.18,10.00,-,2026-04-29 17:48:28
Rune Prison #50,0.18,10.00,-,2026-04-29 18:15:02
Rune Prison #50,0.18,10.00,-,2026-05-01 00:15:57
Rune Prison #50,0.18,10.00,-,2026-05-02 17:03:25
Rune Prison #50,0.15,16.70,-,2026-05-03 18:02:01
Rune Prison #50,0.15,16.70,-,2026-05-03 19:33:43
Rune Prison #50,0.15,16.70,-,2026-05-03 23:51:41
Rune Prison #50,0.15,15.40,+,2026-06-29 14:53:28
Rune Prison [Foil] #50,0.51,0.00,,2026-04-29 17:48:28
Rune Prison [Foil] #50,0.51,0.00,,2026-04-29 18:15:02
Rune Prison [Foil] #50,0.51,0.00,,2026-05-01 00:15:57
Rune Prison [Foil] #50,0.51,0.00,,2026-05-02 17:03:25
Rune Prison [Foil] #50,0.51,0.00,,2026-05-03 18:02:01
Rune Prison [Foil] #50,0.51,0.00,,2026-05-03 19:33:43
Rune Prison [Foil] #50,0.51,0.00,,2026-05-03 23:51:41
Rune Prison [Foil] #50,0.54,3.80,+,2026-06-29 14:53:28
Solari Shieldbearer #51,0.13,8.30,+,2026-04-29 17:48:28
Solari Shieldbearer #51,0.13,8.30,+,2026-04-29 18:15:02
Solari Shieldbearer #51,0.13,8.30,+,2026-05-01 00:15:57
Solari Shieldbearer #51,0.10,23.10,-,2026-05-02 17:03:25
Solari Shieldbearer #51,0.10,23.10,-,2026-05-03 18:02:01
Solari Shieldbearer #51,0.10,23.10,-,2026-05-03 19:33:43
Solari Shieldbearer #51,0.10,23.10,-,2026-05-03 23:51:41
Solari Shieldbearer #51,0.13,8.30,+,2026-06-29 14:53:28
Stalwart Poro #52,0.71,0.00,,2026-04-29 17:48:28
Stalwart Poro #52,0.71,0.00,,2026-04-29 18:15:02
Stalwart Poro #52,0.71,0.00,,2026-05-01 00:15:57
Stalwart Poro #52,0.71,0.00,,2026-05-02 17:03:25
Stalwart Poro #52,0.71,0.00,,2026-05-03 18:02:01
Stalwart Poro #52,0.71,0.00,,2026-05-03 19:33:43
Stalwart Poro #52,0.71,0.00,,2026-05-03 23:51:41
Stalwart Poro #52,0.99,0.00,,2026-06-29 14:53:28
Stalwart Poro [Promo] #52,0.80,0.00,,2026-04-29 17:48:29
Stalwart Poro [Promo] #52,0.80,0.00,,2026-04-29 18:15:02
Stalwart Poro [Promo] #52,0.80,0.00,,2026-05-01 00:15:57
Stalwart Poro [Promo] #52,0.64,20.00,-,2026-05-02 17:03:25
Stalwart Poro [Promo] #52,0.64,20.00,-,2026-05-03 18:02:01
Stalwart Poro [Promo] #52,0.64,20.00,-,2026-05-03 19:33:43
Stalwart Poro [Promo] #52,0.64,20.00,-,2026-05-03 23:51:41
Stand United #53,0.00,0.00,,2026-04-29 17:48:29
Stand United #53,0.00,0.00,,2026-04-29 18:15:02
Stand United #53,0.00,0.00,,2026-05-01 00:15:57
Stand United #53,0.00,0.00,,2026-05-02 17:03:25
Stand United #53,0.00,0.00,,2026-05-03 18:02:01
Stand United #53,0.00,0.00,,2026-05-03 19:33:43
Stand United #53,0.00,0.00,,2026-05-03 23:51:41
Stand United #53,0.00,0.00,,2026-06-29 14:53:28
Stand United [Foil] #53,0.19,46.20,+,2026-04-29 17:48:29
Stand United [Foil] #53,0.19,46.20,+,2026-04-29 18:15:02
Stand United [Foil] #53,0.19,46.20,+,2026-05-01 00:15:57
Stand United [Foil] #53,0.19,0.00,,2026-05-02 17:03:25
Stand United [Foil] #53,0.19,0.00,,2026-05-03 18:02:01
Stand United [Foil] #53,0.19,0.00,,2026-05-03 19:33:43
Stand United [Foil] #53,0.19,0.00,,2026-05-03 23:51:41
Stand United [Foil] #53,0.45,0.00,,2026-06-29 14:53:28
Wielder Of Water [Promo] #55,0.22,0.00,,2026-04-29 17:48:29
Wielder Of Water [Promo] #55,0.22,0.00,,2026-04-29 18:15:02
Wielder Of Water [Promo] #55,0.22,0.00,,2026-05-01 00:15:57
Wielder Of Water [Promo] #55,0.22,0.00,,2026-05-02 17:03:25
Wielder Of Water [Promo] #55,0.22,0.00,,2026-05-03 18:02:01
Wielder Of Water [Promo] #55,0.22,0.00,,2026-05-03 19:33:43
Wielder Of Water [Promo] #55,0.22,0.00,,2026-05-03 23:51:41
Wielder of Water #55,0.00,0.00,,2026-04-29 17:48:29
Wielder of Water #55,0.00,0.00,,2026-04-29 18:15:02
Wielder of Water #55,0.00,0.00,,2026-05-01 00:15:57
Wielder of Water #55,0.00,0.00,,2026-05-02 17:03:25
Wielder of Water #55,0.99,0.00,,2026-05-03 18:02:01
Wielder of Water #55,0.99,0.00,,2026-05-03 19:33:43
Wielder of Water #55,0.99,0.00,,2026-05-03 23:51:41
Wielder of Water #55,0.99,0.00,,2026-06-29 14:53:28
Block #57,0.00,0.00,,2026-04-29 17:48:29
Block #57,0.00,0.00,,2026-04-29 18:15:02
Block #57,0.00,0.00,,2026-05-01 00:15:57
Block #57,0.00,0.00,,2026-05-02 17:03:25
Block #57,0.00,0.00,,2026-05-03 18:02:01
Block #57,0.00,0.00,,2026-05-03 19:33:43
Block #57,0.00,0.00,,2026-05-03 23:51:41
Block #57,0.00,0.00,,2026-06-29 14:53:28
Mask of Foresight #60,0.99,41.40,+,2026-04-29 17:48:29
Mask of Foresight #60,0.99,41.40,+,2026-04-29 18:15:02
Mask of Foresight #60,0.99,41.40,+,2026-05-01 00:15:57
Mask of Foresight #60,0.99,0.00,,2026-05-02 17:03:25
Mask of Foresight #60,0.99,0.00,,2026-05-03 18:02:01
Mask of Foresight #60,0.99,0.00,,2026-05-03 19:33:43
Mask of Foresight #60,0.99,0.00,,2026-05-03 23:51:41
Mask of Foresight #60,1.02,0.00,,2026-06-29 14:53:27
Poro Herder #61,0.71,0.00,,2026-04-29 17:48:29
Poro Herder #61,0.71,0.00,,2026-04-29 18:15:02
Poro Herder #61,0.71,0.00,,2026-05-01 00:15:57
Poro Herder #61,0.71,0.00,,2026-05-02 17:03:25
Poro Herder #61,0.71,0.00,,2026-05-03 18:02:01
Poro Herder #61,0.71,0.00,,2026-05-03 19:33:43
Poro Herder #61,0.71,0.00,,2026-05-03 23:51:41
Poro Herder #61,0.85,0.00,,2026-06-29 14:53:28
Reinforce #62,0.00,0.00,,2026-04-29 17:48:29
Reinforce #62,0.00,0.00,,2026-04-29 18:15:02
Reinforce #62,0.00,0.00,,2026-05-01 00:15:57
Reinforce #62,0.00,0.00,,2026-05-02 17:03:25
Reinforce #62,0.00,0.00,,2026-05-03 18:02:01
Reinforce #62,0.00,0.00,,2026-05-03 19:33:43
Reinforce #62,0.00,0.00,,2026-05-03 23:51:41
Reinforce #62,0.00,0.00,,2026-06-29 14:53:28
Spirit's Refuge #63,0.72,0.00,,2026-04-29 17:48:29
Spirit's Refuge #63,0.72,0.00,,2026-04-29 18:15:02
Spirit's Refuge #63,0.72,0.00,,2026-05-01 00:15:57
Spirit's Refuge #63,0.72,0.00,,2026-05-02 17:03:25
Spirit's Refuge #63,0.72,0.00,,2026-05-03 18:02:01
Spirit's Refuge #63,0.72,0.00,,2026-05-03 19:33:43
Spirit's Refuge #63,0.72,0.00,,2026-05-03 23:51:41
Spirit's Refuge #63,0.72,0.00,,2026-06-29 14:53:28
Consult The Past [Promo] #83,0.55,0.00,,2026-04-29 17:48:29
Consult The Past [Promo] #83,0.55,0.00,,2026-04-29 18:15:02
Consult The Past [Promo] #83,0.55,0.00,,2026-05-01 00:15:57
Consult The Past [Promo] #83,0.48,12.70,-,2026-05-02 17:03:25
Consult The Past [Promo] #83,0.48,12.70,-,2026-05-03 18:02:01
Consult The Past [Promo] #83,0.48,12.70,-,2026-05-03 19:33:43
Consult The Past [Promo] #83,0.48,12.70,-,2026-05-03 23:51:41
Eager Apprentice [Foil] #84,0.08,0.00,,2026-04-29 17:48:29
Eager Apprentice [Foil] #84,0.08,0.00,,2026-04-29 18:15:02
Eager Apprentice [Foil] #84,0.08,0.00,,2026-05-01 00:15:57
Eager Apprentice [Foil] #84,0.08,0.00,,2026-05-02 17:03:25
Eager Apprentice [Foil] #84,0.08,0.00,,2026-05-03 18:02:01
Eager Apprentice [Foil] #84,0.08,0.00,,2026-05-03 19:33:43
Eager Apprentice [Foil] #84,0.08,0.00,,2026-05-03 23:51:41
Eager Apprentice [Foil] #84,0.72,1.40,+,2026-06-29 14:53:28
Falling Comet #85,0.00,0.00,,2026-04-29 17:48:29
Falling Comet #85,0.00,0.00,,2026-04-29 18:15:02
Falling Comet #85,0.00,0.00,,2026-05-01 00:15:57
Falling Comet #85,0.00,0.00,,2026-05-02 17:03:25
Falling Comet #85,0.00,0.00,,2026-05-03 18:02:01
Falling Comet #85,0.00,0.00,,2026-05-03 19:33:43
Falling Comet #85,0.00,0.00,,2026-05-03 23:51:41
Falling Comet #85,0.00,0.00,,2026-06-29 14:53:28
Falling Comet [Foil] #85,0.30,0.00,,2026-04-29 17:48:29
Falling Comet [Foil] #85,0.30,0.00,,2026-04-29 18:15:02
Falling Comet [Foil] #85,0.30,0.00,,2026-05-01 00:15:57
Falling Comet [Foil] #85,0.30,0.00,,2026-05-02 17:03:25
Falling Comet [Foil] #85,0.30,0.00,,2026-05-03 18:02:01
Falling Comet [Foil] #85,0.30,0.00,,2026-05-03 19:33:43
Falling Comet [Foil] #85,0.30,0.00,,2026-05-03 23:51:41
Falling Comet [Foil] #85,0.98,53.10,+,2026-06-29 14:53:28
Jeweled Colossus #86,0.00,0.00,,2026-04-29 17:48:29
Jeweled Colossus #86,0.00,0.00,,2026-04-29 18:15:02
Jeweled Colossus #86,0.00,0.00,,2026-05-01 00:15:57
Jeweled Colossus #86,0.00,0.00,,2026-05-02 17:03:25
Jeweled Colossus #86,0.00,0.00,,2026-05-03 18:02:01
Jeweled Colossus #86,0.00,0.00,,2026-05-03 19:33:43
Jeweled Colossus #86,0.00,0.00,,2026-05-03 23:51:41
Jeweled Colossus #86,0.06,40.00,-,2026-06-29 14:53:28
Jeweled Colossus [Foil] #86,0.10,0.00,,2026-04-29 17:48:29
Jeweled Colossus [Foil] #86,0.10,0.00,,2026-04-29 18:15:02
Jeweled Colossus [Foil] #86,0.10,0.00,,2026-05-01 00:15:57
Jeweled Colossus [Foil] #86,0.10,0.00,,2026-05-02 17:03:25
Jeweled Colossus [Foil] #86,0.10,0.00,,2026-05-03 18:02:01
Jeweled Colossus [Foil] #86,0.10,0.00,,2026-05-03 19:33:43
Jeweled Colossus [Foil] #86,0.10,0.00,,2026-05-03 23:51:41
Jeweled Colossus [Foil] #86,0.10,0.00,,2026-06-29 14:53:28
Lecturing Yordle #87,0.00,0.00,,2026-04-29 17:48:29
Lecturing Yordle #87,0.00,0.00,,2026-04-29 18:15:02
Lecturing Yordle #87,0.00,0.00,,2026-05-01 00:15:57
Lecturing Yordle #87,0.00,0.00,,2026-05-02 17:03:25
Lecturing Yordle #87,0.00,0.00,,2026-05-03 18:02:01
Lecturing Yordle #87,0.00,0.00,,2026-05-03 19:33:43
Lecturing Yordle #87,0.00,0.00,,2026-05-03 23:51:41
Lecturing Yordle #87,1.25,0.00,,2026-06-29 14:53:27
Mega-Mech #88,0.00,0.00,,2026-04-29 17:48:29
Mega-Mech #88,0.00,0.00,,2026-04-29 18:15:02
Mega-Mech #88,0.00,0.00,,2026-05-01 00:15:57
Mega-Mech #88,0.00,0.00,,2026-05-02 17:03:25
Mega-Mech #88,0.00,0.00,,2026-05-03 18:02:01
Mega-Mech #88,0.00,0.00,,2026-05-03 19:33:43
Mega-Mech #88,0.00,0.00,,2026-05-03 23:51:41
Mega-Mech #88,1.59,0.00,,2026-06-29 14:53:27
Orb of Regret #90,0.00,0.00,,2026-04-29 17:48:29
Orb of Regret #90,0.00,0.00,,2026-04-29 18:15:02
Orb of Regret #90,0.00,0.00,,2026-05-01 00:15:57
Orb of Regret #90,0.00,0.00,,2026-05-02 17:03:25
Orb of Regret #90,0.00,0.00,,2026-05-03 18:02:01
Orb of Regret #90,0.00,0.00,,2026-05-03 19:33:43
Orb of Regret #90,0.00,0.00,,2026-05-03 23:51:41
Orb of Regret #90,0.00,0.00,,2026-06-29 14:53:28
Pit Crew #91,0.15,40.00,-,2026-04-29 17:48:29
Pit Crew #91,0.15,40.00,-,2026-04-29 18:15:02
Pit Crew #91,0.15,40.00,-,2026-05-01 00:15:57
Pit Crew #91,0.15,40.00,-,2026-05-02 17:03:25
Pit Crew #91,0.20,33.30,+,2026-05-03 18:02:01
Pit Crew #91,0.20,33.30,+,2026-05-03 19:33:43
Pit Crew #91,0.20,33.30,+,2026-05-03 23:51:41
Pit Crew #91,0.09,40.00,-,2026-06-29 14:53:28
Riptide Rex [Promo] #92,0.32,0.00,,2026-04-29 17:48:29
Riptide Rex [Promo] #92,0.32,0.00,,2026-04-29 18:15:02
Riptide Rex [Promo] #92,0.32,0.00,,2026-05-01 00:15:57
Riptide Rex [Promo] #92,0.30,6.30,-,2026-05-02 17:03:25
Riptide Rex [Promo] #92,0.30,6.30,-,2026-05-03 18:02:01
Riptide Rex [Promo] #92,0.30,6.30,-,2026-05-03 19:33:43
Riptide Rex [Promo] #92,0.30,6.30,-,2026-05-03 23:51:41
Sprite Call #94,0.00,0.00,,2026-04-29 17:48:29
Sprite Call #94,0.00,0.00,,2026-04-29 18:15:02
Sprite Call #94,0.00,0.00,,2026-05-01 00:15:57
Sprite Call #94,0.00,0.00,,2026-05-02 17:03:25
Sprite Call #94,0.00,0.00,,2026-05-03 18:02:01
Sprite Call #94,0.00,0.00,,2026-05-03 19:33:43
Sprite Call #94,0.00,0.00,,2026-05-03 23:51:41
Sprite Call #94,0.14,0.00,,2026-06-29 14:53:28
Sprite Call [Foil] #94,0.94,44.60,+,2026-04-29 17:48:29
Sprite Call [Foil] #94,0.94,44.60,+,2026-04-29 18:15:02
Sprite Call [Foil] #94,1.82,93.60,+,2026-05-01 00:15:54
Sprite Call [Foil] #94,1.82,93.60,+,2026-05-02 17:03:20
Sprite Call [Foil] #94,1.82,93.60,+,2026-05-03 18:01:57
Sprite Call [Foil] #94,1.82,93.60,+,2026-05-03 19:33:41
Sprite Call [Foil] #94,1.82,93.60,+,2026-05-03 23:51:38
Sprite Call [Foil] #94,1.54,19.40,-,2026-06-29 14:53:27
Watchful Sentry #96,0.00,0.00,,2026-04-29 17:48:29
Watchful Sentry #96,0.00,0.00,,2026-04-29 18:15:02
Watchful Sentry #96,0.00,0.00,,2026-05-01 00:15:57
Watchful Sentry #96,0.00,0.00,,2026-05-02 17:03:25
Watchful Sentry #96,0.00,0.00,,2026-05-03 18:02:01
Watchful Sentry #96,0.00,0.00,,2026-05-03 19:33:43
Watchful Sentry #96,0.00,0.00,,2026-05-03 23:51:41
Watchful Sentry #96,0.18,0.00,,2026-06-29 14:53:28
Energy Conduit #98,0.00,0.00,,2026-04-29 17:48:29
Energy Conduit #98,0.00,0.00,,2026-04-29 18:15:02
Energy Conduit #98,0.00,0.00,,2026-05-01 00:15:57
Energy Conduit #98,0.00,0.00,,2026-05-02 17:03:25
Energy Conduit #98,0.00,0.00,,2026-05-03 18:02:01
Energy Conduit #98,0.00,0.00,,2026-05-03 19:33:43
Energy Conduit #98,0.00,0.00,,2026-05-03 23:51:41
Energy Conduit #98,0.00,0.00,,2026-06-29 14:53:28
Gemcraft Seer #100,0.00,0.00,,2026-04-29 17:48:29
Gemcraft Seer #100,0.00,0.00,,2026-04-29 18:15:02
Gemcraft Seer #100,0.00,0.00,,2026-05-01 00:15:57
Gemcraft Seer #100,0.00,0.00,,2026-05-02 17:03:25
Gemcraft Seer #100,0.00,0.00,,2026-05-03 18:02:01
Gemcraft Seer #100,0.00,0.00,,2026-05-03 19:33:43
Gemcraft Seer #100,0.00,0.00,,2026-05-03 23:51:41
Gemcraft Seer #100,0.00,0.00,,2026-06-29 14:53:28
Mushroom Pouch #101,0.99,0.00,,2026-04-29 17:48:29
Mushroom Pouch #101,0.99,0.00,,2026-04-29 18:15:02
Mushroom Pouch #101,0.99,0.00,,2026-05-01 00:15:57
Mushroom Pouch #101,0.99,0.00,,2026-05-02 17:03:25
Mushroom Pouch #101,0.99,0.00,,2026-05-03 18:02:01
Mushroom Pouch #101,0.99,0.00,,2026-05-03 19:33:43
Mushroom Pouch #101,0.99,0.00,,2026-05-03 23:51:41
Mushroom Pouch #101,1.73,0.00,,2026-06-29 14:53:27
Arena Bar #124,0.00,0.00,,2026-04-29 17:48:29
Arena Bar #124,0.00,0.00,,2026-04-29 18:15:02
Arena Bar #124,0.00,0.00,,2026-05-01 00:15:57
Arena Bar #124,0.00,0.00,,2026-05-02 17:03:25
Arena Bar #124,0.00,0.00,,2026-05-03 18:02:01
Arena Bar #124,0.00,0.00,,2026-05-03 19:33:43
Arena Bar #124,0.00,0.00,,2026-05-03 23:51:41
Arena Bar #124,2.00,0.00,,2026-06-29 14:53:26
Bilgewater Bully #125,0.00,0.00,,2026-04-29 17:48:29
Bilgewater Bully #125,0.00,0.00,,2026-04-29 18:15:02
Bilgewater Bully #125,0.00,0.00,,2026-05-01 00:15:57
Bilgewater Bully #125,0.00,0.00,,2026-05-02 17:03:25
Bilgewater Bully #125,0.00,0.00,,2026-05-03 18:02:01
Bilgewater Bully #125,0.00,0.00,,2026-05-03 19:33:43
Bilgewater Bully #125,0.00,0.00,,2026-05-03 23:51:41
Bilgewater Bully #125,0.00,0.00,,2026-06-29 14:53:28
Bilgewater Bully [Foil] #125,0.09,0.00,,2026-04-29 17:48:29
Bilgewater Bully [Foil] #125,0.09,0.00,,2026-04-29 18:15:02
Bilgewater Bully [Foil] #125,0.09,0.00,,2026-05-01 00:15:57
Bilgewater Bully [Foil] #125,0.09,0.00,,2026-05-02 17:03:25
Bilgewater Bully [Foil] #125,0.09,0.00,,2026-05-03 18:02:01
Bilgewater Bully [Foil] #125,0.09,0.00,,2026-05-03 19:33:43
Bilgewater Bully [Foil] #125,0.09,0.00,,2026-05-03 23:51:41
Bilgewater Bully [Foil] #125,0.09,0.00,,2026-06-29 14:53:28
Cannon Barrage #127,0.00,0.00,,2026-04-29 17:48:29
Cannon Barrage #127,0.00,0.00,,2026-04-29 18:15:02
Cannon Barrage #127,0.00,0.00,,2026-05-01 00:15:57
Cannon Barrage #127,0.00,0.00,,2026-05-02 17:03:25
Cannon Barrage #127,0.00,0.00,,2026-05-03 18:02:01
Cannon Barrage #127,0.00,0.00,,2026-05-03 19:33:43
Cannon Barrage #127,0.00,0.00,,2026-05-03 23:51:41
Cannon Barrage #127,0.00,0.00,,2026-06-29 14:53:28
Crackshot Corsair #130,0.00,0.00,,2026-04-29 17:48:29
Crackshot Corsair #130,0.00,0.00,,2026-04-29 18:15:02
Crackshot Corsair #130,0.00,0.00,,2026-05-01 00:15:57
Crackshot Corsair #130,0.00,0.00,,2026-05-02 17:03:25
Crackshot Corsair #130,0.00,0.00,,2026-05-03 18:02:01
Crackshot Corsair #130,0.00,0.00,,2026-05-03 19:33:43
Crackshot Corsair #130,0.00,0.00,,2026-05-03 23:51:41
Crackshot Corsair #130,0.00,0.00,,2026-06-29 14:53:28
Crackshot Corsair [Foil] #130,0.09,0.00,,2026-04-29 17:48:29
Crackshot Corsair [Foil] #130,0.09,0.00,,2026-04-29 18:15:02
Crackshot Corsair [Foil] #130,0.09,0.00,,2026-05-01 00:15:57
Crackshot Corsair [Foil] #130,0.09,0.00,,2026-05-02 17:03:25
Crackshot Corsair [Foil] #130,0.09,0.00,,2026-05-03 18:02:01
Crackshot Corsair [Foil] #130,0.09,0.00,,2026-05-03 19:33:43
Crackshot Corsair [Foil] #130,0.09,0.00,,2026-05-03 23:51:41
Crackshot Corsair [Foil] #130,0.09,0.00,,2026-06-29 14:53:28
Dune Drake #131,0.99,0.00,,2026-04-29 17:48:29
Dune Drake #131,0.99,0.00,,2026-04-29 18:15:02
Dune Drake #131,0.99,0.00,,2026-05-01 00:15:57
Dune Drake #131,0.99,0.00,,2026-05-02 17:03:25
Dune Drake #131,0.99,0.00,,2026-05-03 18:02:01
Dune Drake #131,0.99,0.00,,2026-05-03 19:33:43
Dune Drake #131,0.99,0.00,,2026-05-03 23:51:41
Dune Drake #131,0.99,0.00,,2026-06-29 14:53:28
Dune Drake [Foil] #131,0.07,0.00,,2026-04-29 17:48:29
Dune Drake [Foil] #131,0.07,0.00,,2026-04-29 18:15:02
Dune Drake [Foil] #131,0.07,0.00,,2026-05-01 00:15:57
Dune Drake [Foil] #131,0.07,0.00,,2026-05-02 17:03:25
Dune Drake [Foil] #131,0.07,0.00,,2026-05-03 18:02:01
Dune Drake [Foil] #131,0.07,0.00,,2026-05-03 19:33:43
Dune Drake [Foil] #131,0.07,0.00,,2026-05-03 23:51:41
Dune Drake [Foil] #131,0.33,0.00,,2026-06-29 14:53:28
Flurry of Blades #133,0.00,0.00,,2026-04-29 17:48:29
Flurry of Blades #133,0.00,0.00,,2026-04-29 18:15:02
Flurry of Blades #133,0.00,0.00,,2026-05-01 00:15:57
Flurry of Blades #133,0.00,0.00,,2026-05-02 17:03:25
Flurry of Blades #133,0.00,0.00,,2026-05-03 18:02:01
Flurry of Blades #133,0.00,0.00,,2026-05-03 19:33:43
Flurry of Blades #133,0.00,0.00,,2026-05-03 23:51:41
Flurry of Blades #133,0.96,0.00,,2026-06-29 14:53:29
Mobilize #134,0.85,0.00,,2026-04-29 17:48:29
Mobilize #134,0.85,0.00,,2026-04-29 18:15:02
Mobilize #134,0.85,0.00,,2026-05-01 00:15:57
Mobilize #134,0.85,0.00,,2026-05-02 17:03:25
Mobilize #134,0.85,0.00,,2026-05-03 18:02:01
Mobilize #134,0.85,0.00,,2026-05-03 19:33:43
Mobilize #134,0.85,0.00,,2026-05-03 23:51:41
Mobilize #134,0.99,0.00,,2026-06-29 14:53:29
Mobilize [Foil] #134,0.64,178.30,+,2026-04-29 17:48:29
Mobilize [Foil] #134,0.64,178.30,+,2026-04-29 18:15:02
Mobilize [Foil] #134,0.82,28.10,+,2026-05-01 00:15:57
Mobilize [Foil] #134,0.82,28.10,+,2026-05-02 17:03:25
Mobilize [Foil] #134,0.82,28.10,+,2026-05-03 18:02:01
Mobilize [Foil] #134,0.82,28.10,+,2026-05-03 19:33:43
Mobilize [Foil] #134,0.82,28.10,+,2026-05-03 23:51:41
Mobilize [Foil] #134,0.83,0.00,,2026-06-29 14:53:29
Pakaa Cub #135,0.00,0.00,,2026-04-29 17:48:29
Pakaa Cub #135,0.00,0.00,,2026-04-29 18:15:02
Pakaa Cub #135,0.00,0.00,,2026-05-01 00:15:57
Pakaa Cub #135,0.00,0.00,,2026-05-02 17:03:25
Pakaa Cub #135,0.00,0.00,,2026-05-03 18:02:01
Pakaa Cub #135,0.00,0.00,,2026-05-03 19:33:43
Pakaa Cub #135,0.00,0.00,,2026-05-03 23:51:41
Pakaa Cub #135,0.00,0.00,,2026-06-29 14:53:29
Pakaa Cub [Promo] #135,0.25,0.00,,2026-04-29 17:48:29
Pakaa Cub [Promo] #135,0.25,0.00,,2026-04-29 18:15:02
Pakaa Cub [Promo] #135,0.25,0.00,,2026-05-01 00:15:57
Pakaa Cub [Promo] #135,0.25,0.00,,2026-05-02 17:03:25
Pakaa Cub [Promo] #135,0.25,0.00,,2026-05-03 18:02:01
Pakaa Cub [Promo] #135,0.25,0.00,,2026-05-03 19:33:43
Pakaa Cub [Promo] #135,0.25,0.00,,2026-05-03 23:51:41
Pit Rookie #136,0.10,0.00,,2026-04-29 17:48:29
Pit Rookie #136,0.10,0.00,,2026-04-29 18:15:02
Pit Rookie #136,0.10,0.00,,2026-05-01 00:15:57
Pit Rookie #136,0.10,0.00,,2026-05-02 17:03:25
Pit Rookie #136,0.10,0.00,,2026-05-03 18:02:01
Pit Rookie #136,0.10,0.00,,2026-05-03 19:33:43
Pit Rookie #136,0.10,0.00,,2026-05-03 23:51:41
Pit Rookie #136,0.12,0.00,,2026-06-29 14:53:29
Stormclaw Ursine #137,0.00,0.00,,2026-04-29 17:48:29
Stormclaw Ursine #137,0.00,0.00,,2026-04-29 18:15:02
Stormclaw Ursine #137,0.00,0.00,,2026-05-01 00:15:57
Stormclaw Ursine #137,0.00,0.00,,2026-05-02 17:03:25
Stormclaw Ursine #137,0.00,0.00,,2026-05-03 18:02:01
Stormclaw Ursine #137,0.00,0.00,,2026-05-03 19:33:43
Stormclaw Ursine #137,0.00,0.00,,2026-05-03 23:51:41
Stormclaw Ursine #137,0.00,0.00,,2026-06-29 14:53:29
Stormclaw Ursine [Foil] #137,0.29,0.00,,2026-04-29 17:48:29
Stormclaw Ursine [Foil] #137,0.29,0.00,,2026-04-29 18:15:02
Stormclaw Ursine [Foil] #137,0.29,0.00,,2026-05-01 00:15:57
Stormclaw Ursine [Foil] #137,0.29,0.00,,2026-05-02 17:03:25
Stormclaw Ursine [Foil] #137,0.29,0.00,,2026-05-03 18:02:01
Stormclaw Ursine [Foil] #137,0.29,0.00,,2026-05-03 19:33:43
Stormclaw Ursine [Foil] #137,0.29,0.00,,2026-05-03 23:51:41
Stormclaw Ursine [Foil] #137,0.30,0.00,,2026-06-29 14:53:29
Stormclaw Ursine [Promo] #137,0.25,0.00,,2026-04-29 17:48:30
Stormclaw Ursine [Promo] #137,0.25,0.00,,2026-04-29 18:15:03
Stormclaw Ursine [Promo] #137,0.25,0.00,,2026-05-01 00:15:58
Stormclaw Ursine [Promo] #137,0.25,0.00,,2026-05-02 17:03:25
Stormclaw Ursine [Promo] #137,0.25,0.00,,2026-05-03 18:02:02
Stormclaw Ursine [Promo] #137,0.25,0.00,,2026-05-03 19:33:44
Stormclaw Ursine [Promo] #137,0.25,0.00,,2026-05-03 23:51:42
Cithria of Cloudfield #139,0.00,0.00,,2026-04-29 17:48:30
Cithria of Cloudfield #139,0.00,0.00,,2026-04-29 18:15:03
Cithria of Cloudfield #139,0.00,0.00,,2026-05-01 00:15:58
Cithria of Cloudfield #139,0.00,0.00,,2026-05-02 17:03:25
Cithria of Cloudfield #139,0.00,0.00,,2026-05-03 18:02:02
Cithria of Cloudfield #139,0.00,0.00,,2026-05-03 19:33:44
Cithria of Cloudfield #139,0.00,0.00,,2026-05-03 23:51:42
Cithria of Cloudfield #139,0.00,0.00,,2026-06-29 14:53:29
Herald of Scales #140,0.00,0.00,,2026-04-29 17:48:30
Herald of Scales #140,0.00,0.00,,2026-04-29 18:15:03
Herald of Scales #140,0.00,0.00,,2026-05-01 00:15:58
Herald of Scales #140,0.00,0.00,,2026-05-02 17:03:25
Herald of Scales #140,0.00,0.00,,2026-05-03 18:02:02
Herald of Scales #140,0.00,0.00,,2026-05-03 19:33:44
Herald of Scales #140,0.00,0.00,,2026-05-03 23:51:42
Herald of Scales #140,1.86,0.00,,2026-06-29 14:53:27
Pirate's Haven #143,0.00,0.00,,2026-04-29 17:48:30
Pirate's Haven #143,0.00,0.00,,2026-04-29 18:15:03
Pirate's Haven #143,0.00,0.00,,2026-05-01 00:15:58
Pirate's Haven #143,0.00,0.00,,2026-05-02 17:03:25
Pirate's Haven #143,0.00,0.00,,2026-05-03 18:02:02
Pirate's Haven #143,0.00,0.00,,2026-05-03 19:33:44
Pirate's Haven #143,0.00,0.00,,2026-05-03 23:51:42
Pirate's Haven #143,0.00,0.00,,2026-06-29 14:53:29
Wallop #146,0.00,0.00,,2026-04-29 17:48:30
Wallop #146,0.00,0.00,,2026-04-29 18:15:03
Wallop #146,0.00,0.00,,2026-05-01 00:15:58
Wallop #146,0.00,0.00,,2026-05-02 17:03:25
Wallop #146,0.00,0.00,,2026-05-03 18:02:02
Wallop #146,0.00,0.00,,2026-05-03 19:33:44
Wallop #146,0.00,0.00,,2026-05-03 23:51:42
Wallop #146,0.16,0.00,,2026-06-29 14:53:29
Wildclaw Shaman #147,0.00,0.00,,2026-04-29 17:48:30
Wildclaw Shaman #147,0.00,0.00,,2026-04-29 18:15:03
Wildclaw Shaman #147,0.00,0.00,,2026-05-01 00:15:58
Wildclaw Shaman #147,0.00,0.00,,2026-05-02 17:03:25
Wildclaw Shaman #147,0.00,0.00,,2026-05-03 18:02:02
Wildclaw Shaman #147,0.00,0.00,,2026-05-03 19:33:44
Wildclaw Shaman #147,0.00,0.00,,2026-05-03 23:51:42
Wildclaw Shaman #147,0.00,0.00,,2026-06-29 14:53:29
Cemetery Attendant #165,0.12,33.30,+,2026-04-29 17:48:30
Cemetery Attendant #165,0.12,33.30,+,2026-04-29 18:15:03
Cemetery Attendant #165,0.12,33.30,+,2026-05-01 00:15:58
Cemetery Attendant #165,0.11,8.30,-,2026-05-02 17:03:25
Cemetery Attendant #165,0.11,8.30,-,2026-05-03 18:02:02
Cemetery Attendant #165,0.11,8.30,-,2026-05-03 19:33:44
Cemetery Attendant #165,0.11,8.30,-,2026-05-03 23:51:42
Cemetery Attendant #165,0.09,10.00,-,2026-06-29 14:53:29
Cemetery Attendant [Foil] #165,0.25,0.00,,2026-04-29 17:48:30
Cemetery Attendant [Foil] #165,0.25,0.00,,2026-04-29 18:15:03
Cemetery Attendant [Foil] #165,0.25,0.00,,2026-05-01 00:15:58
Cemetery Attendant [Foil] #165,0.25,0.00,,2026-05-02 17:03:25
Cemetery Attendant [Foil] #165,0.25,0.00,,2026-05-03 18:02:02
Cemetery Attendant [Foil] #165,0.25,0.00,,2026-05-03 19:33:44
Cemetery Attendant [Foil] #165,0.25,0.00,,2026-05-03 23:51:42
Cemetery Attendant [Foil] #165,1.49,13.70,+,2026-06-29 14:53:27
Chaos Rune #166,0.20,0.00,,2026-04-29 17:48:30
Chaos Rune #166,0.20,0.00,,2026-04-29 18:15:03
Chaos Rune #166,0.20,0.00,,2026-05-01 00:15:58
Chaos Rune #166,0.20,0.00,,2026-05-02 17:03:25
Chaos Rune #166,0.20,0.00,,2026-05-03 18:02:02
Chaos Rune #166,0.20,0.00,,2026-05-03 19:33:44
Chaos Rune #166,0.20,0.00,,2026-05-03 23:51:42
Chaos Rune #166,0.14,6.70,-,2026-06-29 14:53:29
Ember Monk #167,0.70,0.00,,2026-04-29 17:48:30
Ember Monk #167,0.70,0.00,,2026-04-29 18:15:03
Ember Monk #167,0.70,0.00,,2026-05-01 00:15:58
Ember Monk #167,0.70,0.00,,2026-05-02 17:03:25
Ember Monk #167,0.70,0.00,,2026-05-03 18:02:02
Ember Monk #167,0.70,0.00,,2026-05-03 19:33:44
Ember Monk #167,0.70,0.00,,2026-05-03 23:51:42
Ember Monk #167,1.59,0.00,,2026-06-29 14:53:27
Gust #169,0.00,0.00,,2026-04-29 17:48:30
Gust #169,0.00,0.00,,2026-04-29 18:15:03
Gust #169,0.00,0.00,,2026-05-01 00:15:58
Gust #169,0.00,0.00,,2026-05-02 17:03:25
Gust #169,0.00,0.00,,2026-05-03 18:02:02
Gust #169,0.00,0.00,,2026-05-03 19:33:44
Gust #169,0.00,0.00,,2026-05-03 23:51:42
Gust #169,1.41,10.20,-,2026-06-29 14:53:27
Mystic Poro [Promo] #171,0.34,0.00,,2026-04-29 17:48:30
Mystic Poro [Promo] #171,0.34,0.00,,2026-04-29 18:15:03
Mystic Poro [Promo] #171,0.34,0.00,,2026-05-01 00:15:58
Mystic Poro [Promo] #171,0.34,0.00,,2026-05-02 17:03:25
Mystic Poro [Promo] #171,0.34,0.00,,2026-05-03 18:02:02
Mystic Poro [Promo] #171,0.34,0.00,,2026-05-03 19:33:44
Mystic Poro [Promo] #171,0.34,0.00,,2026-05-03 23:51:42
Sai Scout #174,0.71,0.00,,2026-04-29 17:48:30
Sai Scout #174,0.71,0.00,,2026-04-29 18:15:03
Sai Scout #174,0.71,0.00,,2026-05-01 00:15:58
Sai Scout #174,0.71,0.00,,2026-05-02 17:03:25
Sai Scout #174,0.71,0.00,,2026-05-03 18:02:02
Sai Scout #174,0.71,0.00,,2026-05-03 19:33:44
Sai Scout #174,0.71,0.00,,2026-05-03 23:51:42
Sai Scout #174,0.71,0.00,,2026-06-29 14:53:29
Sai Scout [Foil] #174,0.25,0.00,,2026-04-29 17:48:30
Sai Scout [Foil] #174,0.25,0.00,,2026-04-29 18:15:03
Sai Scout [Foil] #174,0.25,0.00,,2026-05-01 00:15:58
Sai Scout [Foil] #174,0.25,0.00,,2026-05-02 17:03:25
Sai Scout [Foil] #174,0.25,0.00,,2026-05-03 18:02:02
Sai Scout [Foil] #174,0.25,0.00,,2026-05-03 19:33:44
Sai Scout [Foil] #174,0.25,0.00,,2026-05-03 23:51:42
Sai Scout [Foil] #174,0.57,0.00,,2026-06-29 14:53:29
Shipyard Skulker #175,0.00,0.00,,2026-04-29 17:48:30
Shipyard Skulker #175,0.00,0.00,,2026-04-29 18:15:03
Shipyard Skulker #175,0.00,0.00,,2026-05-01 00:15:58
Shipyard Skulker #175,0.00,0.00,,2026-05-02 17:03:25
Shipyard Skulker #175,0.00,0.00,,2026-05-03 18:02:02
Shipyard Skulker #175,0.00,0.00,,2026-05-03 19:33:44
Shipyard Skulker #175,0.00,0.00,,2026-05-03 23:51:42
Shipyard Skulker #175,0.00,0.00,,2026-06-29 14:53:29
Sneaky Deckhand #176,0.00,0.00,,2026-04-29 17:48:30
Sneaky Deckhand #176,0.00,0.00,,2026-04-29 18:15:03
Sneaky Deckhand #176,0.00,0.00,,2026-05-01 00:15:58
Sneaky Deckhand #176,0.00,0.00,,2026-05-02 17:03:25
Sneaky Deckhand #176,0.00,0.00,,2026-05-03 18:02:02
Sneaky Deckhand #176,0.00,0.00,,2026-05-03 19:33:44
Sneaky Deckhand #176,0.00,0.00,,2026-05-03 23:51:42
Sneaky Deckhand #176,1.49,0.00,,2026-06-29 14:53:27
Stealthy Pursuer #177,0.13,0.00,,2026-04-29 17:48:30
Stealthy Pursuer #177,0.13,0.00,,2026-04-29 18:15:03
Stealthy Pursuer #177,0.11,15.40,-,2026-05-01 00:15:58
Stealthy Pursuer #177,0.11,15.40,-,2026-05-02 17:03:25
Stealthy Pursuer #177,0.11,15.40,-,2026-05-03 18:02:02
Stealthy Pursuer #177,0.11,15.40,-,2026-05-03 19:33:44
Stealthy Pursuer #177,0.11,15.40,-,2026-05-03 23:51:42
Stealthy Pursuer #177,0.09,10.00,-,2026-06-29 14:53:29
Stealthy Pursuer [Promo] #177,0.09,0.00,,2026-04-29 17:48:30
Stealthy Pursuer [Promo] #177,0.09,0.00,,2026-04-29 18:15:03
Stealthy Pursuer [Promo] #177,0.09,0.00,,2026-05-01 00:15:58
Stealthy Pursuer [Promo] #177,0.17,88.90,+,2026-05-02 17:03:25
Stealthy Pursuer [Promo] #177,0.17,88.90,+,2026-05-03 18:02:02
Stealthy Pursuer [Promo] #177,0.17,88.90,+,2026-05-03 19:33:44
Stealthy Pursuer [Promo] #177,0.17,88.90,+,2026-05-03 23:51:42
Undercover Agent #178,0.00,0.00,,2026-04-29 17:48:30
Undercover Agent #178,0.00,0.00,,2026-04-29 18:15:03
Undercover Agent #178,0.00,0.00,,2026-05-01 00:15:58
Undercover Agent #178,0.00,0.00,,2026-05-02 17:03:25
Undercover Agent #178,0.00,0.00,,2026-05-03 18:02:02
Undercover Agent #178,0.00,0.00,,2026-05-03 19:33:44
Undercover Agent #178,0.00,0.00,,2026-05-03 23:51:42
Undercover Agent #178,0.00,0.00,,2026-06-29 14:53:29
Undercover Agent [Foil] #178,0.13,0.00,,2026-04-29 17:48:30
Undercover Agent [Foil] #178,0.13,0.00,,2026-04-29 18:15:03
Undercover Agent [Foil] #178,0.13,0.00,,2026-05-01 00:15:58
Undercover Agent [Foil] #178,0.13,0.00,,2026-05-02 17:03:25
Undercover Agent [Foil] #178,0.13,0.00,,2026-05-03 18:02:02
Undercover Agent [Foil] #178,0.13,0.00,,2026-05-03 19:33:44
Undercover Agent [Foil] #178,0.13,0.00,,2026-05-03 23:51:42
Undercover Agent [Foil] #178,0.15,0.00,,2026-06-29 14:53:29
Fading Memories #180,0.00,0.00,,2026-04-29 17:48:30
Fading Memories #180,0.00,0.00,,2026-04-29 18:15:03
Fading Memories #180,0.00,0.00,,2026-05-01 00:15:58
Fading Memories #180,0.00,0.00,,2026-05-02 17:03:25
Fading Memories #180,0.00,0.00,,2026-05-03 18:02:02
Fading Memories #180,0.00,0.00,,2026-05-03 19:33:44
Fading Memories #180,0.00,0.00,,2026-05-03 23:51:42
Fading Memories #180,0.00,0.00,,2026-06-29 14:53:29
Back To Back [Foil] #206,0.58,0.00,,2026-04-29 17:48:30
Back To Back [Foil] #206,0.58,0.00,,2026-04-29 18:15:03
Back To Back [Foil] #206,0.58,0.00,,2026-05-01 00:15:58
Back To Back [Foil] #206,0.58,0.00,,2026-05-02 17:03:25
Back To Back [Foil] #206,0.58,0.00,,2026-05-03 18:02:02
Back To Back [Foil] #206,0.58,0.00,,2026-05-03 19:33:44
Back To Back [Foil] #206,0.58,0.00,,2026-05-03 23:51:42
Back To Back [Foil] #206,0.56,0.00,,2026-06-29 14:53:29
Back to Back #206,0.15,50.00,+,2026-04-29 17:48:30
Back to Back #206,0.15,50.00,+,2026-04-29 18:15:03
Back to Back #206,0.15,50.00,+,2026-05-01 00:15:58
Back to Back #206,0.16,6.70,+,2026-05-02 17:03:25
Back to Back #206,0.16,6.70,+,2026-05-03 18:02:02
Back to Back #206,0.16,6.70,+,2026-05-03 19:33:44
Back to Back #206,0.16,6.70,+,2026-05-03 23:51:42
Back to Back #206,0.08,46.70,-,2026-06-29 14:53:29
Cruel Patron #208,0.00,0.00,,2026-04-29 17:48:30
Cruel Patron #208,0.00,0.00,,2026-04-29 18:15:03
Cruel Patron #208,0.00,0.00,,2026-05-01 00:15:58
Cruel Patron #208,0.00,0.00,,2026-05-02 17:03:25
Cruel Patron #208,0.00,0.00,,2026-05-03 18:02:02
Cruel Patron #208,0.00,0.00,,2026-05-03 19:33:44
Cruel Patron #208,0.00,0.00,,2026-05-03 23:51:42
Cruel Patron #208,0.00,0.00,,2026-06-29 14:53:29
Daring Poro #210,0.71,0.00,,2026-04-29 17:48:30
Daring Poro #210,0.71,0.00,,2026-04-29 18:15:03
Daring Poro #210,0.71,0.00,,2026-05-01 00:15:58
Daring Poro #210,0.71,0.00,,2026-05-02 17:03:25
Daring Poro #210,0.71,0.00,,2026-05-03 18:02:02
Daring Poro #210,0.71,0.00,,2026-05-03 19:33:44
Daring Poro #210,0.71,0.00,,2026-05-03 23:51:42
Daring Poro #210,0.71,0.00,,2026-06-29 14:53:29
Daring Poro [Promo] #210,0.43,0.00,,2026-04-29 17:48:30
Daring Poro [Promo] #210,0.43,0.00,,2026-04-29 18:15:03
Daring Poro [Promo] #210,0.43,0.00,,2026-05-01 00:15:58
Daring Poro [Promo] #210,0.39,9.30,-,2026-05-02 17:03:25
Daring Poro [Promo] #210,0.39,9.30,-,2026-05-03 18:02:02
Daring Poro [Promo] #210,0.39,9.30,-,2026-05-03 19:33:44
Daring Poro [Promo] #210,0.39,9.30,-,2026-05-03 23:51:42
Forge Of The Future [Foil] #212,0.26,3.70,-,2026-04-29 17:48:30
Forge Of The Future [Foil] #212,0.26,3.70,-,2026-04-29 18:15:03
Forge Of The Future [Foil] #212,0.26,3.70,-,2026-05-01 00:15:58
Forge Of The Future [Foil] #212,0.26,0.00,,2026-05-02 17:03:25
Forge Of The Future [Foil] #212,0.26,0.00,,2026-05-03 18:02:02
Forge Of The Future [Foil] #212,0.26,0.00,,2026-05-03 19:33:44
Forge Of The Future [Foil] #212,0.26,0.00,,2026-05-03 23:51:42
Forge Of The Future [Foil] #212,0.99,0.00,,2026-06-29 14:53:29
Forge of the Future #212,0.10,0.00,,2026-04-29 17:48:30
Forge of the Future #212,0.10,0.00,,2026-04-29 18:15:03
Forge of the Future #212,0.10,0.00,,2026-05-01 00:15:58
Forge of the Future #212,0.10,0.00,,2026-05-02 17:03:26
Forge of the Future #212,0.10,0.00,,2026-05-03 18:02:02
Forge of the Future #212,0.10,0.00,,2026-05-03 19:33:44
Forge of the Future #212,0.10,0.00,,2026-05-03 23:51:42
Forge of the Future #212,0.13,7.10,-,2026-06-29 14:53:29
Petty Officer [Foil] #215,0.12,0.00,,2026-04-29 17:48:30
Petty Officer [Foil] #215,0.12,0.00,,2026-04-29 18:15:03
Petty Officer [Foil] #215,0.12,0.00,,2026-05-01 00:15:58
Petty Officer [Foil] #215,0.12,0.00,,2026-05-02 17:03:26
Petty Officer [Foil] #215,0.12,0.00,,2026-05-03 18:02:02
Petty Officer [Foil] #215,0.12,0.00,,2026-05-03 19:33:44
Petty Officer [Foil] #215,0.12,0.00,,2026-05-03 23:51:42
Petty Officer [Foil] #215,0.12,0.00,,2026-06-29 14:53:29
Soaring Scout [Foil] #216,0.85,0.00,,2026-04-29 17:48:30
Soaring Scout [Foil] #216,0.85,0.00,,2026-04-29 18:15:03
Soaring Scout [Foil] #216,0.85,0.00,,2026-05-01 00:15:58
Soaring Scout [Foil] #216,0.84,1.20,-,2026-05-02 17:03:26
Soaring Scout [Foil] #216,0.84,1.20,-,2026-05-03 18:02:02
Soaring Scout [Foil] #216,0.84,1.20,-,2026-05-03 19:33:44
Soaring Scout [Foil] #216,0.84,1.20,-,2026-05-03 23:51:42
Soaring Scout [Foil] #216,1.83,0.50,-,2026-06-29 14:53:27
Trifarian Gloryseeker #217,0.99,0.00,,2026-04-29 17:48:30
Trifarian Gloryseeker #217,0.99,0.00,,2026-04-29 18:15:03
Trifarian Gloryseeker #217,0.99,0.00,,2026-05-01 00:15:58
Trifarian Gloryseeker #217,0.99,0.00,,2026-05-02 17:03:26
Trifarian Gloryseeker #217,0.99,0.00,,2026-05-03 18:02:02
Trifarian Gloryseeker #217,0.99,0.00,,2026-05-03 19:33:44
Trifarian Gloryseeker #217,0.99,0.00,,2026-05-03 23:51:42
Trifarian Gloryseeker #217,0.99,0.00,,2026-06-29 14:53:29
Trifarian Gloryseeker [Foil] #217,0.50,35.10,+,2026-04-29 17:48:30
Trifarian Gloryseeker [Foil] #217,0.50,35.10,+,2026-04-29 18:15:03
Trifarian Gloryseeker [Foil] #217,0.50,35.10,+,2026-05-01 00:15:58
Trifarian Gloryseeker [Foil] #217,0.50,35.10,+,2026-05-02 17:03:26
Trifarian Gloryseeker [Foil] #217,0.50,0.00,,2026-05-03 18:02:02
Trifarian Gloryseeker [Foil] #217,0.50,0.00,,2026-05-03 19:33:44
Trifarian Gloryseeker [Foil] #217,0.50,0.00,,2026-05-03 23:51:42
Trifarian Gloryseeker [Foil] #217,0.50,0.00,,2026-06-29 14:53:29
Vanguard Captain [Promo] #218,0.75,0.00,,2026-04-29 17:48:30
Vanguard Captain [Promo] #218,0.75,0.00,,2026-04-29 18:15:03
Vanguard Captain [Promo] #218,0.75,0.00,,2026-05-01 00:15:58
Vanguard Captain [Promo] #218,0.35,53.30,-,2026-05-02 17:03:26
Vanguard Captain [Promo] #218,0.35,53.30,-,2026-05-03 18:02:02
Vanguard Captain [Promo] #218,0.35,53.30,-,2026-05-03 19:33:44
Vanguard Captain [Promo] #218,0.35,53.30,-,2026-05-03 23:51:42
Vanguard Sergeant #219,0.00,0.00,,2026-04-29 17:48:30
Vanguard Sergeant #219,0.00,0.00,,2026-04-29 18:15:03
Vanguard Sergeant #219,0.00,0.00,,2026-05-01 00:15:58
Vanguard Sergeant #219,0.00,0.00,,2026-05-02 17:03:26
Vanguard Sergeant #219,0.00,0.00,,2026-05-03 18:02:02
Vanguard Sergeant #219,0.00,0.00,,2026-05-03 19:33:44
Vanguard Sergeant #219,0.00,0.00,,2026-05-03 23:51:42
Vanguard Sergeant #219,0.00,0.00,,2026-06-29 14:53:29
Vanguard Sergeant [Foil] #219,0.06,0.00,,2026-04-29 17:48:30
Vanguard Sergeant [Foil] #219,0.06,0.00,,2026-04-29 18:15:03
Vanguard Sergeant [Foil] #219,0.06,0.00,,2026-05-01 00:15:58
Vanguard Sergeant [Foil] #219,0.06,0.00,,2026-05-02 17:03:26
Vanguard Sergeant [Foil] #219,0.06,0.00,,2026-05-03 18:02:02
Vanguard Sergeant [Foil] #219,0.06,0.00,,2026-05-03 19:33:44
Vanguard Sergeant [Foil] #219,0.06,0.00,,2026-05-03 23:51:42
Vanguard Sergeant [Foil] #219,0.06,0.00,,2026-06-29 14:53:29
Peak Guardian #223,0.00,0.00,,2026-04-29 17:48:30
Peak Guardian #223,0.00,0.00,,2026-04-29 18:15:03
Peak Guardian #223,0.00,0.00,,2026-05-01 00:15:58
Peak Guardian #223,0.00,0.00,,2026-05-02 17:03:26
Peak Guardian #223,0.00,0.00,,2026-05-03 18:02:02
Peak Guardian #223,0.00,0.00,,2026-05-03 19:33:44
Peak Guardian #223,0.00,0.00,,2026-05-03 23:51:42
Peak Guardian #223,1.99,0.00,,2026-06-29 14:53:27
Spectral Matron #226,0.99,43.50,+,2026-04-29 17:48:30
Spectral Matron #226,0.99,43.50,+,2026-04-29 18:15:03
Spectral Matron #226,0.99,43.50,+,2026-05-01 00:15:58
Spectral Matron #226,0.99,43.50,+,2026-05-02 17:03:26
Spectral Matron #226,0.99,43.50,+,2026-05-03 18:02:02
Spectral Matron #226,0.99,43.50,+,2026-05-03 19:33:44
Spectral Matron #226,0.99,43.50,+,2026-05-03 23:51:42
Spectral Matron #226,0.99,1.00,-,2026-06-29 14:53:28
Symbol of the Solari #227,0.00,0.00,,2026-04-29 17:48:30
Symbol of the Solari #227,0.00,0.00,,2026-04-29 18:15:03
Symbol of the Solari #227,0.00,0.00,,2026-05-01 00:15:58
Symbol of the Solari #227,0.00,0.00,,2026-05-02 17:03:26
Symbol of the Solari #227,0.00,0.00,,2026-05-03 18:02:02
Symbol of the Solari #227,0.00,0.00,,2026-05-03 19:33:44
Symbol of the Solari #227,0.00,0.00,,2026-05-03 23:51:42
Symbol of the Solari #227,0.00,0.00,,2026-06-29 14:53:29
Vanguard Helm #228,0.00,0.00,,2026-04-29 17:48:30
Vanguard Helm #228,0.00,0.00,,2026-04-29 18:15:03
Vanguard Helm #228,0.00,0.00,,2026-05-01 00:15:58
Vanguard Helm #228,0.00,0.00,,2026-05-02 17:03:26
Vanguard Helm #228,0.00,0.00,,2026-05-03 18:02:02
Vanguard Helm #228,0.00,0.00,,2026-05-03 19:33:44
Vanguard Helm #228,0.00,0.00,,2026-05-03 23:51:42
Vanguard Helm #228,0.00,0.00,,2026-06-29 14:53:29
Vengeance [Promo] #229,0.31,210.00,+,2026-04-29 17:48:30
Vengeance [Promo] #229,0.31,210.00,+,2026-04-29 18:15:03
Vengeance [Promo] #229,0.31,0.00,,2026-05-01 00:15:58
Vengeance [Promo] #229,0.31,0.00,,2026-05-02 17:03:26
Vengeance [Promo] #229,0.31,0.00,,2026-05-03 18:02:02
Vengeance [Promo] #229,0.31,0.00,,2026-05-03 19:33:44
Vengeance [Promo] #229,0.31,0.00,,2026-05-03 23:51:42
Recruit / Buff [Token] #271,0.15,6.30,-,2026-04-29 17:48:30
Recruit / Buff [Token] #271,0.15,6.30,-,2026-04-29 18:15:03
Recruit / Buff [Token] #271,0.12,20.00,-,2026-05-01 00:15:58
Recruit / Buff [Token] #271,0.12,20.00,-,2026-05-02 17:03:26
Recruit / Buff [Token] #271,0.12,20.00,-,2026-05-03 18:02:02
Recruit / Buff [Token] #271,0.12,20.00,-,2026-05-03 19:33:44
Recruit / Buff [Token] #271,0.12,20.00,-,2026-05-03 23:51:42
Recruit / Buff [Token] #271,0.12,20.00,+,2026-06-29 14:53:29
Recruit / Buff [Token] #272,0.11,15.40,-,2026-04-29 17:48:30
Recruit / Buff [Token] #272,0.11,15.40,-,2026-04-29 18:15:03
Recruit / Buff [Token] #272,0.11,15.40,-,2026-05-01 00:15:58
Recruit / Buff [Token] #272,0.12,9.10,+,2026-05-02 17:03:26
Recruit / Buff [Token] #272,0.12,9.10,+,2026-05-03 18:02:02
Recruit / Buff [Token] #272,0.12,9.10,+,2026-05-03 19:33:44
Recruit / Buff [Token] #272,0.12,9.10,+,2026-05-03 23:51:42
Recruit / Buff [Token] #272,0.11,10.00,+,2026-06-29 14:53:29
Sprite / Buff [Token] #274,0.12,0.00,,2026-04-29 17:48:30
Sprite / Buff [Token] #274,0.12,0.00,,2026-04-29 18:15:03
Sprite / Buff [Token] #274,0.12,0.00,,2026-05-01 00:15:58
Sprite / Buff [Token] #274,0.12,0.00,,2026-05-02 17:03:26
Sprite / Buff [Token] #274,0.12,0.00,,2026-05-03 18:02:02
Sprite / Buff [Token] #274,0.12,0.00,,2026-05-03 19:33:44
Sprite / Buff [Token] #274,0.12,0.00,,2026-05-03 23:51:42
Sprite / Buff [Token] #274,0.10,9.10,-,2026-06-29 14:53:29
Back-Alley Bar #277,0.00,0.00,,2026-04-29 17:48:30
Back-Alley Bar #277,0.00,0.00,,2026-04-29 18:15:03
Back-Alley Bar #277,0.00,0.00,,2026-05-01 00:15:58
Back-Alley Bar #277,0.00,0.00,,2026-05-02 17:03:26
Back-Alley Bar #277,0.00,0.00,,2026-05-03 18:02:02
Back-Alley Bar #277,0.00,0.00,,2026-05-03 19:33:44
Back-Alley Bar #277,0.00,0.00,,2026-05-03 23:51:42
Back-Alley Bar #277,0.15,25.00,-,2026-06-29 14:53:29
Bandle Tree #278,0.00,0.00,,2026-04-29 17:48:30
Bandle Tree #278,0.00,0.00,,2026-04-29 18:15:03
Bandle Tree #278,0.00,0.00,,2026-05-01 00:15:58
Bandle Tree #278,0.00,0.00,,2026-05-02 17:03:26
Bandle Tree #278,0.00,0.00,,2026-05-03 18:02:02
Bandle Tree #278,0.00,0.00,,2026-05-03 19:33:44
Bandle Tree #278,0.00,0.00,,2026-05-03 23:51:42
Bandle Tree #278,1.55,0.00,,2026-06-29 14:53:28
Fortified Position #279,0.00,0.00,,2026-04-29 17:48:30
Fortified Position #279,0.00,0.00,,2026-04-29 18:15:03
Fortified Position #279,0.00,0.00,,2026-05-01 00:15:58
Fortified Position #279,0.00,0.00,,2026-05-02 17:03:26
Fortified Position #279,0.00,0.00,,2026-05-03 18:02:02
Fortified Position #279,0.00,0.00,,2026-05-03 19:33:44
Fortified Position #279,0.00,0.00,,2026-05-03 23:51:42
Fortified Position #279,1.25,0.00,,2026-06-29 14:53:28
Reckoner's Arena #286,0.00,0.00,,2026-04-29 17:48:30
Reckoner's Arena #286,0.00,0.00,,2026-04-29 18:15:03
Reckoner's Arena #286,0.00,0.00,,2026-05-01 00:15:58
Reckoner's Arena #286,0.00,0.00,,2026-05-02 17:03:26
Reckoner's Arena #286,0.00,0.00,,2026-05-03 18:02:02
Reckoner's Arena #286,0.00,0.00,,2026-05-03 19:33:44
Reckoner's Arena #286,0.00,0.00,,2026-05-03 23:51:42
Reckoner's Arena #286,0.12,0.00,,2026-06-29 14:53:29
Sigil of the Storm #287,0.99,0.00,,2026-04-29 17:48:30
Sigil of the Storm #287,0.99,0.00,,2026-04-29 18:15:03
Sigil of the Storm #287,0.99,0.00,,2026-05-01 00:15:58
Sigil of the Storm #287,0.99,0.00,,2026-05-02 17:03:26
Sigil of the Storm #287,0.99,0.00,,2026-05-03 18:02:02
Sigil of the Storm #287,0.99,0.00,,2026-05-03 19:33:44
Sigil of the Storm #287,0.99,0.00,,2026-05-03 23:51:42
Sigil of the Storm #287,1.39,0.70,-,2026-06-29 14:53:28
Windswept Hillock #297,0.00,0.00,,2026-04-29 17:48:30
Windswept Hillock #297,0.00,0.00,,2026-04-29 18:15:03
Windswept Hillock #297,0.00,0.00,,2026-05-01 00:15:58
Windswept Hillock #297,0.00,0.00,,2026-05-02 17:03:26
Windswept Hillock #297,0.00,0.00,,2026-05-03 18:02:02
Windswept Hillock #297,0.00,0.00,,2026-05-03 19:33:44
Windswept Hillock #297,0.00,0.00,,2026-05-03 23:51:42
Windswept Hillock #297,2.23,0.00,,2026-06-29 14:53:26
Zaun Warrens #298,0.72,0.00,,2026-04-29 17:48:30
Zaun Warrens #298,0.72,0.00,,2026-04-29 18:15:03
Zaun Warrens #298,0.72,0.00,,2026-05-01 00:15:58
Zaun Warrens #298,0.72,0.00,,2026-05-02 17:03:26
Zaun Warrens #298,0.72,0.00,,2026-05-03 18:02:02
Zaun Warrens #298,0.72,0.00,,2026-05-03 19:33:44
Zaun Warrens #298,0.72,0.00,,2026-05-03 23:51:42
Zaun Warrens #298,1.46,0.00,,2026-06-29 14:53:28
